qt_progress,qt_duration_sec,id,age,gender,gender_text,degree_ug,degree_pg,degree_other,degree_na,ug_degree_subject,pg_degree_subject,ug_grad_year,pg_grad_year,phd_year,psych_subfield,qq_spectrum,stats_knowledge,os_knowledge,os_practice_engage_methods,os_practice_engage_data,os_practice_engage_analysis,os_practice_engage_prereg,os_practice_engage_rr,os_practice_engage_preprint,os_practice_engage_oa,os_practice_engage_replicate,os_practice_engage_comp,stats_practices_used_bayes,stats_practices_used_es,stats_practices_used_ci,stats_practices_used_power,stats_practices_used_sample,os_first_learn,os_first_learn_text,os_learn_sources_course_ug,os_learn_sources_course_ms,os_learn_sources_course_phd,os_learn_sources_sup_ug,os_learn_sources_sup_ms,os_learn_sources_sup_phd,os_learn_sources_external,os_learn_sources_soc_media,os_learn_sources_peers,os_learn_sources_other,os_learn_sources_other_text,os_interest_learn_more,os_attitudes_supervisors,os_concepts_confident_01,os_concepts_confident_02,os_concepts_confident_03,os_concepts_confident_04,os_concepts_confident_05,os_concepts_confident_06,os_concepts_confident_07,os_concepts_confident_08,os_concepts_confident_09,os_concepts_confident_10,os_concepts_confident_11,os_concepts_confident_12,os_statements_agree_01,os_statements_agree_02,os_statements_agree_03,os_statements_agree_04,os_statements_agree_05,os_statements_agree_06,os_perceive_actions_01,os_perceive_actions_02,os_perceive_actions_03,os_perceive_actions_04,os_perceive_actions_05,os_perceive_actions_06,os_perceive_actions_07,os_perceive_actions_08,os_perceive_actions_09,os_perceive_actions_10,os_perceive_actions_11,os_perceive_actions_12,os_perceive_actions_13,os_perceive_actions_14,os_perceive_actions_15,confidence_explaining,null_beliefs,qrp_overall,qrp_data_collection,qrp_reporting,qrp_new_stats,qq_spectrum_cat,stats_knowledge_cat,os_perceive_actions_01_prob,os_perceive_actions_02_prob,os_perceive_actions_03_prob,os_perceive_actions_04_prob,os_perceive_actions_05_prob,os_perceive_actions_06_prob,os_perceive_actions_07_prob,os_perceive_actions_08_prob,os_perceive_actions_09_prob,os_perceive_actions_10_prob,os_perceive_actions_11_prob,os_perceive_actions_12_prob,os_perceive_actions_13_prob,os_perceive_actions_14_prob,os_perceive_actions_15_prob
100,434,44d95bfc,25,Female,NA,0,1,0,0,NA,Health Psychology,NA,2017,Year 3,Health,80,75,NA,0,1,0,1,0,0,1,0,0,0,1,1,1,0,Via peers,NA,0,0,0,0,0,0,1,0,0,0,NA,"Yes, but I'm happy to keep on finding out more for myself",My supervisor(s) is/are neutral,1,2,1,3,1,2,1,4,4,3,3,1,1,1,1,1,1,1,3,5,4,4,3,3,4,3,4,3,4,1,1,3,1,2.166666667,1,3.066666667,4,3.555555556,1.5,quant,high,3,5,4,4,3,3,4,3,4,3,4,1,1,3,1
100,580,b5480e1e,27,Female,NA,0,1,0,0,NA,Cognitive Neuroscience,NA,2016,Year 4,Cognitive,100,72,I have heard of it and have a good understanding,1,1,0,0,0,1,1,1,0,0,1,1,1,0,Via social media,NA,0,0,1,0,0,0,1,1,0,0,NA,"Yes, formal training and events would be interesting to me",My supervisor(s) is/are neutral,6,5,6,6,6,6,6,5,6,6,5,5,1,1,1,5,5,5,3,5,4,4,3,5,3,4,5,5,3,1,NA,NA,NA,5.666666667,3,3.75,4,4,1,quant,high,3,5,4,4,3,5,3,4,5,5,3,1,NA,NA,NA
100,1778,a6c74319,27,Female,NA,1,1,0,0,Psychology,Psychology,2015,2019,Year 1,Cognitive,100,50,I have heard of it and have a good understanding,0,0,0,1,0,0,0,0,0,0,1,1,1,0,Via social media,NA,0,0,0,0,1,1,1,0,1,0,NA,"Yes, formal training and events would be interesting to me",Open science practices are mandatory,7,7,5,6,4,5,6,5,7,7,7,4,1,1,1,4,3,3,5,5,5,5,4,4,5,4,5,5,4,2,NA,NA,NA,5.833333333,2.166666667,4.416666667,5,4.555555556,2,quant,low,5,5,5,5,4,4,5,4,5,5,4,2,NA,NA,NA
100,1364,25fef7ed,24,Female,NA,0,1,0,0,NA,Psychological Methods,NA,2019,Year 1,Cognitive,60,73,I have heard of it and have a good understanding,1,0,0,0,0,0,1,0,0,0,0,1,0,0,On a course/module during my Master's degree,NA,0,0,0,0,0,0,0,1,1,0,NA,"Yes, formal training and events would be interesting to me",My supervisor(s) is/are neutral,7,6,7,6,7,6,7,5,7,7,6,6,1,1,1,3,2,1,5,5,5,5,5,5,2,5,5,5,4,NA,NA,2,2,6.416666667,1.5,4.230769231,5,4.555555556,2,quant,high,5,5,5,5,5,5,2,5,5,5,4,NA,NA,2,2
100,1110,7620c405,27,Male,NA,0,1,0,0,NA,Psychology Conversion,NA,2017,Year 3,Developmental,100,62,I have heard of it and have a good understanding,1,0,1,1,0,1,0,1,0,1,1,1,1,0,Via social media,NA,0,0,1,0,0,0,1,0,1,0,NA,"Yes, but I'm happy to keep on finding out more for myself",Open science practices are encouraged,6,6,6,6,5,4,6,4,6,6,7,6,2,1,1,4,2,4,3,4,5,5,5,4,4,3,3,5,3,NA,2,3,2,5.666666667,2.333333333,3.642857143,3.5,4.111111111,2.333333333,quant,high,3,4,5,5,5,4,4,3,3,5,3,NA,2,3,2
100,2480,14948681,26,Female,NA,1,1,0,0,Psychology & Linguistics,Educational Neuroscience,2016,2018,Year 2,Developmental,75,75,I have heard of it and have a good understanding,0,1,0,1,0,1,1,1,0,0,1,1,0,0,Taught by a supervisor during my Master's degree,NA,0,0,0,0,0,1,1,1,1,0,NA,"Yes, formal training and events would be interesting to me",Open science practices are encouraged,5,4,5,4,4,3,1,4,5,5,5,5,1,2,2,3,4,2,5,5,5,4,3,3,4,4,4,5,5,2,1,2,2,4.166666667,2.333333333,3.6,5,4.111111111,1.75,quant,high,5,5,5,4,3,3,4,4,4,5,5,2,1,2,2
100,1635,3b42e82d,27,Female,NA,1,1,0,0,Psychology,Mental Health Studies,2015,2016,Year 2,Clinical,80,85,I have heard of it and have a good understanding,0,0,0,1,0,0,0,0,0,0,1,1,1,0,Via external speakers (e.g. conferences/seminars),NA,0,0,1,0,0,0,0,0,1,0,NA,"Yes, formal training and events would be interesting to me",My supervisor(s) is/are neutral,6,6,6,5,6,6,6,6,6,6,6,6,1,1,1,1,1,2,4,5,5,5,5,5,5,5,5,5,5,1,1,1,1,5.916666667,1.166666667,3.866666667,4.5,5,1,quant,high,4,5,5,5,5,5,5,5,5,5,5,1,1,1,1
100,1772,ca7f2e98,30,Female,NA,0,0,0,0,NA,NA,NA,NA,Year 3,Cognitive,100,50,NA,1,1,1,0,0,0,1,0,0,1,1,0,0,0,Taught by a supervisor during my PhD degree,NA,0,0,0,0,0,1,1,1,1,0,NA,"Yes, formal training and events would be interesting to me",Open science practices are encouraged,4,5,5,5,1,1,5,5,5,6,5,4,2,1,1,1,1,1,4,4,5,5,3,5,3,4,5,5,4,1,1,1,NA,4.25,1.166666667,3.571428571,4,4.333333333,1,quant,low,4,4,5,5,3,5,3,4,5,5,4,1,1,1,NA
100,721,297add18,22,Female,NA,1,0,0,0,Education & Psychology,NA,2019,NA,Year 2,Educational,100,65,I have heard of it and have a good understanding,0,0,0,0,0,0,0,1,0,0,1,0,1,0,Via peers,NA,0,0,0,0,0,0,1,1,0,0,NA,"Yes, formal training and events would be interesting to me",My supervisor(s) is/are neutral,5,4,5,6,5,5,2,6,6,5,4,4,1,1,1,1,1,2,3,3,5,5,3,4,5,3,4,5,3,1,1,1,1,4.75,1.166666667,3.133333333,3,4.111111111,1,quant,high,3,3,5,5,3,4,5,3,4,5,3,1,1,1,1
100,814,70dd8060,20,Male,NA,0,1,0,0,NA,Psychological Research Methods,NA,2020,Year 1,Neuropsychology,76,71,I have heard of it and have a good understanding,1,0,1,0,1,0,0,0,1,0,0,1,1,0,On a course/module during my Master's degree,NA,1,0,0,0,0,0,0,0,0,0,NA,"Yes, but I'm happy to keep on finding out more for myself",Open science practices are encouraged,6,6,5,5,5,6,6,6,5,6,6,7,5,4,4,4,4,3,4,5,4,4,5,5,5,5,5,4,5,4,4,3,3,5.75,4,4.333333333,4.5,4.666666667,3.5,quant,high,4,5,4,4,5,5,5,5,5,4,5,4,4,3,3
100,3329,f7fe9d16,25,Female,NA,0,1,0,0,NA,Clinical Psychology,NA,2020,Year 1,Health,65,55,NA,1,1,0,1,0,0,1,1,0,0,1,1,1,0,On a course/module during my Master's degree,NA,0,1,0,0,0,0,0,0,0,0,NA,"Yes, formal training and events would be interesting to me",Open science practices are encouraged,4,5,4,3,3,5,2,6,6,6,6,6,3,1,1,1,1,1,5,5,2,4,3,4,5,1,4,5,4,1,1,1,2,4.666666667,1.333333333,3.133333333,5,3.555555556,1.25,quant,high,5,5,2,4,3,4,5,1,4,5,4,1,1,1,2
100,980,dd95dd6c,26,Male,NA,1,1,0,0,Psychology,Psychological research methods,2017,2018,Year 2,Cognitive,90,75,NA,1,0,0,0,0,0,0,0,0,0,1,1,1,0,On a course/module during my Master's degree,NA,0,0,1,0,0,0,0,1,1,0,NA,"Yes, formal training and events would be interesting to me",My supervisor(s) is/are neutral,3,4,5,5,6,6,3,5,7,5,4,4,2,2,2,4,2,2,3,5,3,4,4,3,4,4,3,5,4,NA,NA,2,3,4.75,2.333333333,3.615384615,4,3.777777778,2.5,quant,high,3,5,3,4,4,3,4,4,3,5,4,NA,NA,2,3
100,1296,9d264c8c,31,Female,NA,0,1,0,0,NA,Cognitive neuroscience,NA,2018,Year 3,Cognitive,100,70,I have heard of it and have a good understanding,1,1,0,1,0,0,0,0,0,0,1,1,1,0,On a course/module during my Master's degree,NA,0,0,0,0,0,0,1,1,1,0,NA,"Yes, formal training and events would be interesting to me",My supervisor(s) is/are neutral,7,5,7,7,6,4,7,4,7,7,7,6,1,1,1,2,4,5,5,5,3,4,2,3,5,5,4,5,4,NA,NA,1,NA,6.166666667,2.333333333,3.833333333,5,3.888888889,1,quant,high,5,5,3,4,2,3,5,5,4,5,4,NA,NA,1,NA
100,1428,b215e82c,22,Female,NA,1,1,1,0,Physiology,Sport sciences,2017,2020,Year 1,Health,50,15,I have heard of it and have a good understanding,1,1,1,1,1,0,1,0,0,1,1,0,1,0,Taught by a supervisor during my Master's degree,NA,0,1,1,0,1,0,0,0,1,0,NA,"Yes, but I'm happy to keep on finding out more for myself",Open science practices are encouraged,NA,6,2,2,3,4,4,4,4,5,6,5,4,2,2,4,3,3,2,4,4,4,2,3,3,3,4,5,4,NA,2,3,4,4.090909091,3,3.357142857,3,3.555555556,3,qual,low,2,4,4,4,2,3,3,3,4,5,4,NA,2,3,4
100,1336,394cfa9d,29,Female,NA,1,1,0,0,Psychology,Foundations in Clinical Psychology,2015,2018,Year 3,Clinical,100,71,I have heard of it and have a good understanding,0,1,0,1,0,0,0,0,0,0,1,1,1,0,Taught by a supervisor during my Master's degree,NA,0,0,0,0,0,1,1,1,0,1,Via other papers,"Yes, formal training and events would be interesting to me",My supervisor(s) is/are neutral,5,4,6,6,2,1,1,5,4,5,6,6,1,3,2,1,1,4,5,5,5,5,NA,2,5,3,5,5,5,1,1,3,1,4.25,2,3.642857143,5,4.375,1.5,quant,high,5,5,5,5,NA,2,5,3,5,5,5,1,1,3,1
100,3602,36e04fff,27,Female,NA,1,1,0,0,Psychology,Clinical Health Psychology,2015,2017,Year 4,Health,50,60,I have heard of it and have a good understanding,0,0,0,1,0,0,1,1,0,0,1,1,1,0,Via external speakers (e.g. conferences/seminars),NA,0,0,0,0,0,0,0,1,1,0,NA,"Yes, formal training and events would be interesting to me",My supervisor(s) is/are neutral,6,4,5,3,4,4,1,4,4,4,4,4,2,1,1,2,3,4,4,5,3,5,3,4,4,5,3,5,4,3,4,2,3,3.916666667,2.166666667,3.8,4.5,4,3,qual,high,4,5,3,5,3,4,4,5,3,5,4,3,4,2,3
100,2038,e5aeaaa7,23,Male,NA,1,1,0,0,Applied Psychology,Cognitive Neuroscience,2019,2020,Year 1,Health,66,70,NA,1,1,0,1,0,0,0,0,0,0,1,0,0,0,On a course/module during my Master's degree,NA,0,0,0,0,0,0,1,0,1,0,NA,"Yes, formal training and events would be interesting to me",Open science practices are mandatory,4,4,5,5,4,5,5,5,5,5,5,3,1,1,1,1,1,1,2,4,5,5,4,4,2,4,5,5,4,NA,1,NA,NA,4.583333333,1,3.75,3,4.222222222,1,quant,high,2,4,5,5,4,4,2,4,5,5,4,NA,1,NA,NA
100,767,be71223f,NA,Prefer not to say,NA,0,0,0,1,NA,NA,NA,NA,Year 2,Health,98,71,I have heard of it and have a good understanding,0,0,0,1,0,1,0,0,0,0,1,0,1,0,Via peers,NA,0,0,0,0,0,0,1,1,0,0,NA,"Yes, formal training and events would be interesting to me",My supervisor(s) is/are neutral,4,6,3,5,4,4,1,3,5,5,5,5,1,1,1,1,3,3,3,5,3,3,4,4,5,5,5,5,5,1,1,1,NA,4.166666667,1.666666667,3.571428571,4,4.333333333,1,quant,high,3,5,3,3,4,4,5,5,5,5,5,1,1,1,NA
100,1668,0065f26c,26,Male,NA,1,0,0,0,Psychology,NA,2016,NA,Year 3,Cognitive,85,70,I have heard of it and have a good understanding,1,1,1,1,0,0,1,0,0,0,1,0,1,0,Other,Learned from colleagues while working as a research assistant,0,0,1,0,0,0,1,1,1,0,NA,"Yes, formal training and events would be interesting to me",Open science practices are encouraged,6,6,3,5,6,4,5,3,6,6,6,6,3,1,1,2,3,4,4,4,2,4,2,2,4,5,3,5,1,NA,NA,1,NA,5.166666667,2.333333333,3.083333333,4,3.111111111,1,quant,high,4,4,2,4,2,2,4,5,3,5,1,NA,NA,1,NA
100,1448,47e07238,22,Female,NA,0,1,0,0,NA,MRes Psychology,NA,2020,Year 1,Cognitive,80,64,I have heard of it and have a good understanding,0,0,0,1,0,0,1,1,1,0,1,1,1,0,On a course/module during my Master's degree,NA,0,0,0,0,1,1,1,1,1,0,NA,"Yes, formal training and events would be interesting to me",Open science practices are encouraged,6,5,7,6,4,3,1,7,6,6,7,4,3,2,2,1,3,2,4,4,5,5,5,4,3,3,5,5,3,1,1,2,2,5.166666667,2.166666667,3.466666667,4,4.222222222,1.5,quant,high,4,4,5,5,5,4,3,3,5,5,3,1,1,2,2
100,847,fa028428,23,Female,NA,1,1,0,0,Psychology with Neuroscience,Cognitive Neuroscience,2018,2019,Year 2,Health,92,40,NA,1,1,0,1,0,0,0,0,0,0,0,1,1,0,On a course/module during my Master's degree,NA,0,1,1,0,0,1,1,1,1,0,NA,"Yes, formal training and events would be interesting to me",Open science practices are encouraged,5,4,4,5,4,5,3,5,5,5,6,3,2,2,2,3,3,4,4,4,4,4,3,4,4,4,4,4,4,2,2,2,2,4.5,2.666666667,3.4,4,3.888888889,2,quant,low,4,4,4,4,3,4,4,4,4,4,4,2,2,2,2
100,727,ed9f9223,30,Male,NA,0,1,0,0,NA,Developmental Cognitive Neuroscience,NA,NA,Year 4,Cognitive,100,50,NA,1,1,1,1,1,1,1,1,1,0,1,1,1,0,Via external speakers (e.g. conferences/seminars),NA,0,0,0,0,0,0,0,0,1,0,NA,"Yes, formal training and events would be interesting to me",Open science practices are dissuaded,4,4,5,4,5,4,4,3,4,4,4,4,4,1,1,2,5,5,5,5,5,5,5,5,5,5,3,5,5,1,1,2,1,4.083333333,3,3.866666667,5,4.777777778,1.25,quant,low,5,5,5,5,5,5,5,5,3,5,5,1,1,2,1
100,1526,720bd86b,27,Male,NA,1,1,0,0,"Liberal Arts and Sciences: Major Psychology, Cognitive Science, Philosophy. Minor Statistics",Cognitive Neuroscience: Major Cognitive Neuroscience and AI and Neuroinformatice,2015,2018,Year 2,Cognitive,100,81,NA,1,1,0,0,0,0,1,0,0,0,0,1,0,0,On a course/module during my Master's degree,NA,0,1,0,0,0,1,1,1,1,0,NA,"Yes, but I'm happy to keep on finding out more for myself",Open science practices are encouraged,6,3,6,4,4,5,1,4,6,5,3,3,3,2,3,2,3,3,4,4,5,5,5,4,4,3,5,5,4,NA,NA,NA,NA,4.166666667,2.666666667,4.363636364,4,4.444444444,NA,quant,high,4,4,5,5,5,4,4,3,5,5,4,NA,NA,NA,NA
100,354,a3865a2f,32,Female,NA,1,0,0,0,Psychology,NA,2010,NA,Year 1,Educational,40,40,NA,0,0,0,0,0,0,0,0,0,0,0,0,0,0,NA,NA,0,0,0,0,0,0,0,0,0,0,NA,NA,NA,5,1,1,7,5,5,4,4,6,5,1,1,1,1,1,1,1,3,4,4,5,4,4,3,4,4,5,5,3,1,1,1,1,3.75,1.333333333,3.266666667,4,4.111111111,1,qual,low,4,4,5,4,4,3,4,4,5,5,3,1,1,1,1
100,3886,55599ce1,22,Female,NA,1,0,0,0,Psychology,NA,2020,NA,Year 1,Cognitive,100,75,I have heard of it and have a good understanding,1,1,1,0,0,1,1,0,0,1,1,0,0,0,Taught by a supervisor during my undergraduate degree,NA,0,0,0,0,0,1,1,1,0,0,NA,"Yes, but I'm happy to keep on finding out more for myself",My supervisor(s) is/are neutral,7,6,5,7,4,7,NA,7,7,7,7,7,1,2,1,1,1,3,3,4,4,5,5,5,5,5,5,5,5,2,1,1,2,6.454545455,1.5,3.8,3.5,4.888888889,1.5,quant,high,3,4,4,5,5,5,5,5,5,5,5,2,1,1,2
100,633,60542a8c,30,Female,NA,0,1,0,0,NA,Neuroscience,NA,2016,Year 4,Social,65,50,I have heard of it and have a good understanding,1,1,1,1,0,1,1,1,0,0,1,1,1,0,Other,By another academic in the department,0,0,0,0,0,0,1,0,1,0,NA,"Yes, formal training and events would be interesting to me",My supervisor(s) is/are neutral,7,7,6,7,7,7,5,6,7,7,7,7,1,1,1,1,1,4,5,5,4,4,5,5,5,5,5,5,5,1,1,3,3,6.666666667,1.5,4.066666667,5,4.777777778,2,quant,low,5,5,4,4,5,5,5,5,5,5,5,1,1,3,3
100,768,a0261f46,22,Male,NA,1,0,0,0,Psychology,NA,2020,NA,Year 1,Other,40,65,NA,0,0,0,0,0,0,0,0,0,0,1,1,1,0,On a course/module during my undergraduate degree,NA,1,0,0,1,0,1,0,0,1,0,NA,"Yes, formal training and events would be interesting to me",Open science practices are encouraged,7,5,2,4,6,7,7,7,7,7,7,7,3,1,1,1,1,1,4,5,4,5,5,4,5,5,5,5,5,NA,NA,3,NA,6.083333333,1.333333333,4.583333333,4.5,4.777777778,3,qual,high,4,5,4,5,5,4,5,5,5,5,5,NA,NA,3,NA
100,812,a09350d0,27,Male,NA,0,1,0,0,NA,Psychological Research,NA,2015,Year 2,Educational,95,35,NA,1,0,0,1,0,0,0,1,0,0,1,1,1,0,Taught by a supervisor during my PhD degree,NA,0,0,0,0,0,0,0,0,1,0,NA,"Yes, formal training and events would be interesting to me",Open science practices are encouraged,7,4,3,3,6,5,6,4,6,5,5,4,1,1,1,4,5,3,4,5,5,5,4,4,4,3,5,5,5,NA,NA,2,2,4.833333333,2.5,4.076923077,4.5,4.444444444,2,quant,low,4,5,5,5,4,4,4,3,5,5,5,NA,NA,2,2
100,1272,fc020cca,29,Female,NA,0,1,0,0,NA,Psychological Research Methods,NA,2016,Year 4,Health,80,80,I have heard of it and have a good understanding,1,1,0,1,0,0,1,1,0,1,1,1,1,0,Via peers,NA,0,1,0,0,0,0,1,1,0,0,NA,"Yes, formal training and events would be interesting to me",Open science practices are encouraged,7,7,7,6,7,6,7,6,7,7,7,6,1,1,1,4,2,2,5,5,5,5,5,5,5,5,5,5,5,1,1,3,1,6.666666667,1.833333333,4.066666667,5,5,1.5,quant,high,5,5,5,5,5,5,5,5,5,5,5,1,1,3,1
100,1039,ef1a191a,26,Male,NA,0,1,0,0,NA,Forensic Psychology,NA,2017,Year 3,Cognitive,100,76,NA,0,1,0,1,0,1,1,0,0,0,1,0,0,0,Taught by a supervisor during my PhD degree,NA,0,0,0,0,0,0,0,1,1,0,NA,"Yes, formal training and events would be interesting to me",Open science practices are encouraged,2,4,2,2,4,3,2,3,5,4,2,2,1,1,1,1,1,3,3,3,5,5,4,3,3,5,4,5,4,3,2,3,3,2.916666667,1.333333333,3.666666667,3,4.222222222,2.75,quant,high,3,3,5,5,4,3,3,5,4,5,4,3,2,3,3
100,2415,694362c8,41,Male,NA,1,1,1,0,Mathematics,Psychology,2002,2015,Year 2,Cognitive,100,82,I have heard of it and have a good understanding,1,1,1,1,1,1,1,1,0,1,1,1,1,0,Taught by a supervisor during my undergraduate degree,NA,0,0,0,0,0,1,0,0,0,1,Osf,"Yes, formal training and events would be interesting to me",Open science practices are encouraged,5,4,5,5,2,7,5,4,6,6,6,6,2,2,1,1,4,2,4,5,5,5,5,5,5,4,5,4,4,1,2,2,2,5.083333333,2,3.866666667,4.5,4.666666667,1.75,quant,high,4,5,5,5,5,5,5,4,5,4,4,1,2,2,2
100,1433,0f278614,32,Non-binary,NA,0,1,0,0,NA,Psychology (conversion),NA,2013,Year 3,Social,80,65,NA,0,0,1,0,0,0,0,0,0,0,1,1,0,0,Via external speakers (e.g. conferences/seminars),NA,0,0,1,0,0,0,1,0,1,0,NA,"Yes, formal training and events would be interesting to me",Open science practices are encouraged,3,2,1,1,2,1,1,2,4,3,2,1,3,2,1,4,2,2,4,5,3,3,3,3,4,5,5,5,3,1,1,3,3,1.916666667,2.333333333,3.4,4.5,3.777777778,2,quant,high,4,5,3,3,3,3,4,5,5,5,3,1,1,3,3
100,1325,3e908373,52,Male,NA,1,1,0,0,Psychology,Psychological Research Methods,2014,2015,Other,Cognitive,100,70,I have heard of it and have a good understanding,1,1,1,1,0,0,0,1,1,1,1,1,1,0,Via peers,NA,0,0,0,0,0,1,1,1,1,0,NA,"Yes, but I'm happy to keep on finding out more for myself",Open science practices are encouraged,7,7,7,7,5,4,7,7,7,7,7,6,2,1,1,2,2,4,5,5,5,5,4,5,5,5,5,5,5,1,1,3,NA,6.5,2,4.214285714,5,4.888888889,1.666666667,quant,high,5,5,5,5,4,5,5,5,5,5,5,1,1,3,NA
100,391,1f26a150,48,Male,NA,0,1,0,0,NA,Sport and Exercise Psychology,NA,2018,Year 3,Sport and Exercise,100,20,I have heard of it but know almost nothing about it,0,1,0,0,0,0,1,0,0,0,0,0,0,0,NA,NA,0,0,0,0,0,0,0,0,0,0,NA,"Yes, but I'm happy to keep on finding out more for myself",NA,5,NA,NA,3,3,5,4,4,5,NA,NA,NA,2,1,1,3,4,3,4,4,5,5,3,4,5,4,3,5,3,NA,NA,NA,NA,4.142857143,2.333333333,4.090909091,4,4.111111111,NA,quant,low,4,4,5,5,3,4,5,4,3,5,3,NA,NA,NA,NA
100,1433,1850adad,30,Female,NA,0,1,0,0,NA,Investigative Psychology,NA,2012,Year 3,Social,70,80,NA,1,0,0,0,1,0,0,0,0,0,1,0,1,0,On a course/module during my PhD,NA,0,0,0,0,0,0,0,0,0,0,NA,"Yes, formal training and events would be interesting to me",My supervisor(s) is/are neutral,4,4,3,5,4,6,2,5,3,5,5,3,2,2,1,1,3,2,4,4,5,5,5,4,5,5,5,5,5,1,1,1,1,4.083333333,1.833333333,3.733333333,4,4.888888889,1,quant,high,4,4,5,5,5,4,5,5,5,5,5,1,1,1,1
100,899,4eddb8ea,27,Female,NA,0,1,1,0,NA,Psychology,NA,2020,Year 1,Other,100,71,I have heard of it and have a good understanding,1,1,1,1,0,0,0,1,0,0,1,1,1,0,On a course/module during my Master's degree,NA,0,0,0,0,1,1,1,1,1,0,NA,"Yes, but I'm happy to keep on finding out more for myself",Open science practices are mandatory,6,6,5,6,5,5,6,5,6,6,6,6,1,1,1,2,4,1,4,5,5,5,4,5,4,4,5,5,3,1,1,2,2,5.666666667,1.666666667,3.666666667,4.5,4.444444444,1.5,quant,high,4,5,5,5,4,5,4,4,5,5,3,1,1,2,2
100,347,cf2dde6c,38,Male,NA,0,1,0,0,NA,Research Methods in Psychology,NA,2014,Year 1,Clinical,60,30,I have heard of it and have a good understanding,0,0,0,0,0,0,1,0,0,0,0,0,1,0,Via social media,NA,0,0,0,0,0,0,0,1,0,0,NA,"Yes, formal training and events would be interesting to me",Open science practices are encouraged,2,2,NA,1,NA,NA,NA,NA,2,NA,NA,NA,1,1,1,1,1,1,NA,NA,3,3,3,3,3,3,3,5,5,NA,NA,NA,NA,1.75,1,3.444444444,NA,3.444444444,NA,quant,low,NA,NA,3,3,3,3,3,3,3,5,5,NA,NA,NA,NA
100,520,16b1a73e,34,Male,NA,0,1,0,0,NA,Gender Studies,NA,2007,Year 4,Social,81,60,NA,0,0,0,1,0,0,0,0,0,0,1,1,1,0,On a course/module during my PhD,NA,0,0,0,0,0,1,1,1,1,0,NA,"Yes, formal training and events would be interesting to me",Open science practices are encouraged,4,4,4,4,4,5,6,3,6,4,5,4,3,1,2,4,2,5,5,5,3,5,4,4,3,4,4,5,4,3,1,3,3,4.416666667,2.833333333,3.733333333,5,4,2.5,quant,high,5,5,3,5,4,4,3,4,4,5,4,3,1,3,3
100,982,c66fc335,41,Male,NA,0,1,0,0,NA,Psychology Conversion,NA,2018,Year 2,Social,75,70,I have heard of it and have a good understanding,0,1,0,0,1,0,1,0,1,0,1,0,1,0,On a course/module during my Master's degree,NA,0,0,0,0,0,0,1,1,0,0,NA,"Yes, formal training and events would be interesting to me",Open science practices are encouraged,6,6,4,6,6,7,7,6,6,6,5,3,4,2,1,1,4,3,NA,5,5,5,3,5,5,5,5,5,5,NA,NA,3,1,5.666666667,2.5,4.333333333,5,4.777777778,2,quant,high,NA,5,5,5,3,5,5,5,5,5,5,NA,NA,3,1
4,50,87f2a0d7,NA,NA,NA,0,0,0,0,NA,NA,NA,NA,NA,NA,NA,NA,NA,0,0,0,0,0,0,0,0,0,0,0,0,0,0,NA,NA,0,0,0,0,0,0,0,0,0,0,NA,NA,NA,NA,NA,NA,NA,NA,NA,NA,NA,NA,NA,NA,NA,NA,NA,NA,NA,NA,NA,NA,NA,NA,NA,NA,NA,NA,NA,NA,NA,NA,NA,NA,NA,NA,NA,NA,NA,NA,NA,NA,NA,NA,NA,NA,NA,NA,NA,NA,NA,NA,NA,NA,NA,NA,NA,NA,NA
82,1003,781ba13d,35,Female,NA,1,1,0,0,Psychology,Health psychology,2007,2015,Year 4,Health,0,50,I have heard of it and have a good understanding,1,0,0,1,0,0,1,0,0,0,0,0,0,0,On a course/module during my Master's degree,NA,0,1,1,0,1,0,1,1,1,0,NA,"Yes, formal training and events would be interesting to me",Open science practices are encouraged,5,5,6,6,6,6,6,5,6,6,6,6,2,1,1,1,1,1,5,5,5,5,4,5,5,4,4,5,4,1,1,1,2,5.75,1.166666667,3.733333333,5,4.555555556,1.25,qual,low,5,5,5,5,4,5,5,4,4,5,4,1,1,1,2
82,1037,95399bd1,31,Male,NA,1,0,0,0,Psychology,NA,2010,NA,Year 1,Cognitive,91,66,NA,0,0,0,0,0,0,0,0,0,0,1,0,1,0,Taught by a supervisor during my PhD degree,NA,0,0,0,0,0,0,1,0,1,0,NA,"Yes, formal training and events would be interesting to me",Open science practices are encouraged,5,5,6,6,5,6,4,6,6,7,6,4,1,1,1,2,4,4,5,4,4,4,3,3,4,5,5,5,5,1,1,2,2,5.5,2.166666667,3.533333333,4.5,4.222222222,1.5,quant,high,5,4,4,4,3,3,4,5,5,5,5,1,1,2,2
82,821,5d1b6601,26,Male,NA,1,1,0,0,Psychology,Cognitive psychology and neuroscience,2016,2017,Year 4,Cognitive,95,60,I have heard of it and have a good understanding,1,1,1,1,0,1,0,0,0,0,1,0,0,0,Taught by a supervisor during my PhD degree,NA,0,0,1,0,0,0,1,1,1,0,NA,"Yes, formal training and events would be interesting to me",Open science practices are mandatory,4,3,6,7,3,5,3,4,7,7,7,7,1,1,1,3,1,1,5,5,5,5,4,5,5,5,5,5,4,NA,NA,NA,NA,5.25,1.333333333,4.818181818,5,4.777777778,NA,quant,high,5,5,5,5,4,5,5,5,5,5,4,NA,NA,NA,NA
82,1474,c888fbdd,34,Female,NA,0,1,0,0,NA,Social and applied psychology,NA,2019,Year 2,Social,63,67,I have heard of it and have a good understanding,0,1,1,1,1,0,0,1,0,0,1,1,0,0,On a course/module during my Master's degree,NA,0,0,1,0,0,0,1,1,1,0,NA,"Yes, formal training and events would be interesting to me",Open science practices are encouraged,5,5,4,5,4,4,1,5,6,6,7,7,2,2,2,3,3,2,5,5,5,5,2,3,5,5,5,5,5,1,1,2,2,4.916666667,2.333333333,3.733333333,5,4.444444444,1.5,quant,high,5,5,5,5,2,3,5,5,5,5,5,1,1,2,2
82,845,3ddcdfbf,26,Female,NA,1,0,0,0,Psychology,NA,2014,NA,Year 4,Cognitive,100,70,I have heard of it and have a good understanding,1,1,1,1,0,1,1,0,0,1,1,1,1,0,Taught by a supervisor during my PhD degree,NA,0,0,0,0,0,0,0,1,1,0,NA,"Yes, but I'm happy to keep on finding out more for myself",Open science practices are encouraged,5,4,4,5,5,5,4,5,5,7,7,7,4,1,1,4,4,5,5,4,4,4,4,3,5,4,4,5,4,1,1,1,NA,5.25,3.166666667,3.5,4.5,4.111111111,1,quant,high,5,4,4,4,4,3,5,4,4,5,4,1,1,1,NA
100,750,67a55438,24,Female,NA,0,1,0,0,NA,Psychology,NA,2019,Year 1,Social,80,47,I have heard of it and have a good understanding,0,1,0,1,0,0,0,0,0,0,1,1,0,0,On a course/module during my Master's degree,NA,0,1,0,0,0,0,0,0,0,0,NA,"Yes, formal training and events would be interesting to me",Open science practices are encouraged,4,5,5,4,5,4,5,4,4,6,6,6,1,1,1,1,1,1,5,5,5,4,5,4,4,4,4,5,5,1,1,2,1,4.833333333,1,3.666666667,5,4.444444444,1.25,quant,low,5,5,5,4,5,4,4,4,4,5,5,1,1,2,1
82,985,8cd8e128,28,Female,NA,1,1,0,0,Psychology,MRes psychology,2017,2018,Year 2,Clinical,90,67,I have heard of it and have a good understanding,0,0,0,1,0,0,0,0,0,0,1,1,1,0,On a course/module during my Master's degree,NA,0,0,0,0,0,1,1,0,0,0,NA,"Yes, formal training and events would be interesting to me",Open science practices are encouraged,4,4,4,4,3,3,6,6,5,4,6,2,1,1,1,4,3,3,3,4,4,4,5,4,4,4,4,4,4,NA,NA,NA,NA,4.25,2.166666667,4,3.5,4.111111111,NA,quant,high,3,4,4,4,5,4,4,4,4,4,4,NA,NA,NA,NA
100,1151,8fb06d35,24,Female,NA,1,0,0,0,Psychology with Neuroscience,NA,2018,NA,Year 3,Community,50,91,I have heard of it and have a good understanding,1,1,1,0,0,1,1,0,0,1,1,1,0,0,Via peers,NA,0,0,1,0,0,0,1,1,0,0,NA,"Yes, formal training and events would be interesting to me",My supervisor(s) is/are neutral,7,6,4,1,7,6,1,3,7,7,2,2,5,2,2,3,3,5,4,4,4,5,5,5,5,3,4,5,5,1,2,3,1,4.416666667,3.333333333,3.733333333,4,4.555555556,1.75,qual,high,4,4,4,5,5,5,5,3,4,5,5,1,2,3,1
100,672,35d6fab1,29,Female,NA,0,1,0,0,NA,DEVELOPMENTAL,NA,2017,Year 4,Developmental,100,81,I have heard of it and have a good understanding,0,0,0,0,0,0,0,0,0,0,1,1,1,0,On a course/module during my Master's degree,NA,0,0,0,0,0,0,1,0,1,0,NA,"Yes, formal training and events would be interesting to me",My supervisor(s) is/are neutral,7,5,6,6,6,5,7,7,7,6,5,5,2,1,2,4,4,4,5,5,3,4,5,4,4,3,2,5,4,NA,NA,NA,NA,6,2.833333333,4,5,3.777777778,NA,quant,high,5,5,3,4,5,4,4,3,2,5,4,NA,NA,NA,NA
100,540,9adcde0c,28,Female,NA,0,1,0,0,NA,Early Intervention in Psychosis,NA,2015,Year 4,Clinical,81,72,NA,0,1,0,0,0,1,1,0,0,0,1,1,1,0,Via external speakers (e.g. conferences/seminars),NA,0,0,1,0,0,1,1,1,1,0,NA,"Yes, formal training and events would be interesting to me",Open science practices are encouraged,1,4,1,5,5,7,1,7,7,5,7,2,1,1,1,1,2,4,5,5,4,5,2,5,5,4,5,5,4,1,1,3,3,4.333333333,1.666666667,3.8,5,4.333333333,2,quant,high,5,5,4,5,2,5,5,4,5,5,4,1,1,3,3
78,734,b6977559,22,Female,NA,1,0,0,0,Psychological and Behavioural Sciences,NA,2020,NA,Year 1,Other,100,60,I have heard of it and have a good understanding,0,0,0,0,0,0,0,0,0,0,0,0,0,0,On a course/module during my undergraduate degree,NA,0,0,1,0,0,1,0,0,1,0,NA,"Yes, formal training and events would be interesting to me",My supervisor(s) is/are neutral,5,4,7,7,5,4,7,3,7,5,6,6,2,2,1,2,4,2,5,5,NA,NA,NA,NA,NA,NA,NA,NA,NA,NA,NA,NA,NA,5.5,2.166666667,5,5,NA,NA,quant,high,5,5,NA,NA,NA,NA,NA,NA,NA,NA,NA,NA,NA,NA,NA
82,1207,1cd5ad69,40,Female,NA,1,1,0,0,Psychology,Cognitive Rehabilitation (clinical and neuropsychology,2016,2017,Year 3,Neuropsychology,96,50,NA,0,1,0,0,0,0,0,0,0,0,1,0,1,0,Via external speakers (e.g. conferences/seminars),NA,0,0,1,0,0,0,1,1,1,0,NA,"Yes, formal training and events would be interesting to me",My supervisor(s) is/are neutral,6,3,4,NA,4,3,NA,3,6,4,3,3,2,1,1,4,3,3,4,4,3,3,4,4,4,4,5,5,3,1,NA,3,3,3.9,2.333333333,3.571428571,4,3.888888889,2.333333333,quant,low,4,4,3,3,4,4,4,4,5,5,3,1,NA,3,3
82,2458,a8e33b6d,46,Female,NA,0,1,0,0,NA,Health Psychology,NA,2019,Year 1,Health,NA,65,NA,0,0,0,1,0,0,0,0,0,0,0,0,0,0,Other,Reading about the replication crisis in The Psychologist during undergraduate degree.,0,1,0,0,1,0,1,1,1,0,NA,"Yes, formal training and events would be interesting to me",Open science practices are encouraged,6,4,5,5,4,7,2,6,7,6,7,6,1,1,1,3,3,3,1,5,5,5,5,5,4,5,5,5,5,NA,NA,NA,2,5.416666667,2,4.333333333,3,4.888888889,2,NA,high,1,5,5,5,5,5,4,5,5,5,5,NA,NA,NA,2
100,1273,409e3083,53,Female,NA,0,1,0,0,NA,Psychology Conversion,NA,2018,Year 1,Cognitive,100,39,NA,0,0,0,0,0,0,0,0,0,0,1,1,0,0,On a course/module during my Master's degree,NA,0,0,0,0,0,0,0,1,1,1,Attended BPS event on it,"Yes, but I'm happy to keep on finding out more for myself",My supervisor(s) is/are neutral,4,3,5,2,3,4,NA,3,7,5,5,2,1,1,1,2,2,2,3,5,3,4,3,3,3,4,4,5,3,1,1,NA,NA,3.909090909,1.5,3.230769231,4,3.555555556,1,quant,low,3,5,3,4,3,3,3,4,4,5,3,1,1,NA,NA
100,1303,f93a4331,24,Female,NA,1,0,0,0,Psychology,NA,2019,NA,Year 1,Social,90,60,I have heard of it and have a good understanding,1,1,1,1,0,0,0,0,0,0,1,1,1,0,On a course/module during my Master's degree,NA,0,0,1,0,0,0,0,1,1,1,Internal departmental seminar on the topic; ReproducibiliTea,"Yes, but I'm happy to keep on finding out more for myself",Open science practices are encouraged,6,6,5,6,6,7,7,5,5,6,7,5,1,1,1,1,2,2,5,5,5,5,4,5,5,5,5,5,5,1,1,2,3,5.916666667,1.333333333,4.066666667,5,4.888888889,1.75,quant,high,5,5,5,5,4,5,5,5,5,5,5,1,1,2,3
4,29,d1b5d0ca,NA,NA,NA,0,0,0,0,NA,NA,NA,NA,NA,NA,NA,NA,NA,0,0,0,0,0,0,0,0,0,0,0,0,0,0,NA,NA,0,0,0,0,0,0,0,0,0,0,NA,NA,NA,NA,NA,NA,NA,NA,NA,NA,NA,NA,NA,NA,NA,NA,NA,NA,NA,NA,NA,NA,NA,NA,NA,NA,NA,NA,NA,NA,NA,NA,NA,NA,NA,NA,NA,NA,NA,NA,NA,NA,NA,NA,NA,NA,NA,NA,NA,NA,NA,NA,NA,NA,NA,NA,NA,NA,NA
100,832,44ce8ef1,25,Female,NA,1,0,0,0,Psychology,NA,2017,NA,Year 3,Developmental,100,39,NA,0,1,0,0,0,0,0,1,0,0,1,1,0,0,Via social media,NA,0,0,0,0,0,0,0,0,0,1,Review staff at apr,"Yes, formal training and events would be interesting to me",My supervisor(s) is/are neutral,6,3,4,6,7,5,6,6,6,5,5,1,1,1,1,4,4,4,3,5,5,5,5,4,5,3,5,5,3,1,1,3,3,5,2.5,3.733333333,4,4.444444444,2,quant,low,3,5,5,5,5,4,5,3,5,5,3,1,1,3,3
100,1447,98f35bac,28,Female,NA,1,1,1,0,Psychology,Clinical and Health Psychology,2014,2019,Year 2,Clinical,100,30,I have heard of it but know almost nothing about it,0,1,0,1,0,0,0,0,0,0,1,0,1,0,Taught by a supervisor during my PhD degree,NA,0,0,0,0,1,0,0,0,0,0,NA,"Yes, formal training and events would be interesting to me",Open science practices are encouraged,2,NA,NA,NA,3,2,NA,7,7,2,5,NA,1,1,1,3,4,2,4,5,5,5,NA,5,5,5,5,5,5,NA,NA,2,2,4,2,4.416666667,4.5,5,2,quant,low,4,5,5,5,NA,5,5,5,5,5,5,NA,NA,2,2
100,1590,52ee86cc,33,Male,NA,1,0,0,0,Physiotherapy,NA,2009,NA,Year 4,Health,70,60,I have heard of it and have a good understanding,1,0,0,1,1,1,1,0,0,0,1,1,0,1,Via external speakers (e.g. conferences/seminars),NA,0,0,0,0,0,0,0,0,1,0,NA,"Yes, but I'm happy to keep on finding out more for myself",My supervisor(s) is/are neutral,5,4,4,6,4,6,1,3,6,4,7,3,2,2,2,4,4,4,4,4,4,4,4,4,3,4,5,5,5,1,NA,NA,1,4.416666667,3,3.692307692,4,4.222222222,1,quant,high,4,4,4,4,4,4,3,4,5,5,5,1,NA,NA,1
65,641,aa512f0c,30,Female,NA,0,1,0,0,NA,Neuropsychology,NA,2014,Year 3,Developmental,100,25,NA,1,1,1,0,0,0,1,0,0,0,0,0,0,0,Via social media,NA,0,0,0,0,0,0,0,1,0,0,NA,No,NA,NA,NA,NA,NA,NA,NA,NA,NA,NA,NA,NA,NA,NA,NA,NA,NA,NA,NA,NA,NA,NA,NA,NA,NA,NA,NA,NA,NA,NA,NA,NA,NA,NA,NA,NA,NA,NA,NA,NA,quant,low,NA,NA,NA,NA,NA,NA,NA,NA,NA,NA,NA,NA,NA,NA,NA
100,795,3c01776f,37,Female,NA,0,1,0,0,NA,Animal Behaviour,NA,2016,Year 3,Other,100,60,I have heard of it and have a good understanding,0,1,0,0,0,0,1,0,0,0,1,0,1,0,On a course/module during my PhD,NA,0,0,0,0,0,0,0,0,0,1,when publishing my first paper,"Yes, formal training and events would be interesting to me",Open science practices are encouraged,6,6,6,6,6,5,7,6,6,6,6,4,1,2,3,5,3,5,5,5,5,5,5,5,5,5,5,5,5,NA,NA,2,3,5.833333333,3.166666667,4.615384615,5,5,2.5,quant,high,5,5,5,5,5,5,5,5,5,5,5,NA,NA,2,3
4,18,37ea89b4,NA,NA,NA,0,0,0,0,NA,NA,NA,NA,NA,NA,NA,NA,NA,0,0,0,0,0,0,0,0,0,0,0,0,0,0,NA,NA,0,0,0,0,0,0,0,0,0,0,NA,NA,NA,NA,NA,NA,NA,NA,NA,NA,NA,NA,NA,NA,NA,NA,NA,NA,NA,NA,NA,NA,NA,NA,NA,NA,NA,NA,NA,NA,NA,NA,NA,NA,NA,NA,NA,NA,NA,NA,NA,NA,NA,NA,NA,NA,NA,NA,NA,NA,NA,NA,NA,NA,NA,NA,NA,NA,NA
82,416,33ba0a49,29,Female,NA,1,0,0,0,Psycholohy,NA,2014,NA,Other,Social,60,71,NA,1,1,0,1,0,1,1,0,0,0,1,0,1,0,Via peers,NA,0,0,0,0,0,0,1,1,1,0,NA,"Yes, formal training and events would be interesting to me",My supervisor(s) is/are neutral,6,3,6,6,4,7,7,5,7,6,3,1,2,1,2,4,5,5,2,3,5,5,5,4,4,4,4,5,4,NA,NA,2,NA,5.083333333,3.166666667,3.916666667,2.5,4.444444444,2,quant,high,2,3,5,5,5,4,4,4,4,5,4,NA,NA,2,NA
4,8,dd48bbf0,NA,NA,NA,0,0,0,0,NA,NA,NA,NA,NA,NA,NA,NA,NA,0,0,0,0,0,0,0,0,0,0,0,0,0,0,NA,NA,0,0,0,0,0,0,0,0,0,0,NA,NA,NA,NA,NA,NA,NA,NA,NA,NA,NA,NA,NA,NA,NA,NA,NA,NA,NA,NA,NA,NA,NA,NA,NA,NA,NA,NA,NA,NA,NA,NA,NA,NA,NA,NA,NA,NA,NA,NA,NA,NA,NA,NA,NA,NA,NA,NA,NA,NA,NA,NA,NA,NA,NA,NA,NA,NA,NA
45,121,e70fcee7,33,Female,NA,0,1,0,0,NA,Psychological Research Methods,NA,2017,Year 2,Health,75,70,I have heard of it and have a good understanding,0,0,0,0,0,0,0,0,0,0,0,0,0,0,NA,NA,0,0,0,0,0,0,0,0,0,0,NA,NA,NA,NA,NA,NA,NA,NA,NA,NA,NA,NA,NA,NA,NA,NA,NA,NA,NA,NA,NA,NA,NA,NA,NA,NA,NA,NA,NA,NA,NA,NA,NA,NA,NA,NA,NA,NA,NA,NA,NA,NA,quant,high,NA,NA,NA,NA,NA,NA,NA,NA,NA,NA,NA,NA,NA,NA,NA
82,348,50aff0d1,24,Female,NA,1,0,0,0,Psychology,NA,2018,NA,Year 3,Counselling,8,9,I have heard of it but know almost nothing about it,0,0,0,0,0,0,1,0,0,0,1,0,0,0,Other,Just random heard about it,0,0,0,0,0,0,0,0,0,0,NA,No,My supervisor(s) is/are neutral,NA,NA,NA,NA,NA,NA,NA,3,NA,NA,NA,1,4,3,2,2,2,3,3,5,4,4,NA,4,4,3,3,5,3,3,1,3,3,2,2.666666667,3.428571429,4,3.75,2.5,qual,low,3,5,4,4,NA,4,4,3,3,5,3,3,1,3,3
4,33,a09d789b,NA,NA,NA,0,0,0,0,NA,NA,NA,NA,NA,NA,NA,NA,NA,0,0,0,0,0,0,0,0,0,0,0,0,0,0,NA,NA,0,0,0,0,0,0,0,0,0,0,NA,NA,NA,NA,NA,NA,NA,NA,NA,NA,NA,NA,NA,NA,NA,NA,NA,NA,NA,NA,NA,NA,NA,NA,NA,NA,NA,NA,NA,NA,NA,NA,NA,NA,NA,NA,NA,NA,NA,NA,NA,NA,NA,NA,NA,NA,NA,NA,NA,NA,NA,NA,NA,NA,NA,NA,NA,NA,NA
96,527,00bb829f,52,Female,NA,0,1,0,0,NA,Psychotherapeutic Counselling,NA,2019,Year 2,Qualitative Methods,NA,40,NA,0,0,0,0,0,0,0,0,0,0,0,0,0,0,NA,NA,0,0,0,0,0,0,0,0,0,0,NA,NA,NA,NA,NA,NA,NA,5,NA,NA,5,NA,NA,NA,NA,3,1,1,1,1,1,2,4,5,5,3,5,3,5,4,5,4,1,1,1,1,5,1.333333333,3.266666667,3,4.333333333,1,NA,low,2,4,5,5,3,5,3,5,4,5,4,1,1,1,1
100,18905,fbb3cb13,27,Male,NA,0,1,0,0,NA,Human Cognitive Neuropsychology,NA,2016,Year 4,Neuropsychology,90,67,I have heard of it and have a good understanding,1,1,1,1,0,1,1,1,0,0,1,1,0,0,On a course/module during my undergraduate degree,NA,0,1,0,0,0,1,1,1,0,0,NA,"Yes, formal training and events would be interesting to me",Open science practices are encouraged,5,4,6,5,3,5,6,3,5,5,5,4,1,1,1,2,2,1,5,5,4,5,5,5,5,5,5,5,5,NA,NA,3,NA,4.666666667,1.333333333,4.75,5,4.888888889,3,quant,high,5,5,4,5,5,5,5,5,5,5,5,NA,NA,3,NA
6,44,cfd84d76,NA,NA,NA,0,0,0,0,NA,NA,NA,NA,NA,NA,NA,NA,NA,0,0,0,0,0,0,0,0,0,0,0,0,0,0,NA,NA,0,0,0,0,0,0,0,0,0,0,NA,NA,NA,NA,NA,NA,NA,NA,NA,NA,NA,NA,NA,NA,NA,NA,NA,NA,NA,NA,NA,NA,NA,NA,NA,NA,NA,NA,NA,NA,NA,NA,NA,NA,NA,NA,NA,NA,NA,NA,NA,NA,NA,NA,NA,NA,NA,NA,NA,NA,NA,NA,NA,NA,NA,NA,NA,NA,NA
4,44,5b761f78,NA,NA,NA,0,0,0,0,NA,NA,NA,NA,NA,NA,NA,NA,NA,0,0,0,0,0,0,0,0,0,0,0,0,0,0,NA,NA,0,0,0,0,0,0,0,0,0,0,NA,NA,NA,NA,NA,NA,NA,NA,NA,NA,NA,NA,NA,NA,NA,NA,NA,NA,NA,NA,NA,NA,NA,NA,NA,NA,NA,NA,NA,NA,NA,NA,NA,NA,NA,NA,NA,NA,NA,NA,NA,NA,NA,NA,NA,NA,NA,NA,NA,NA,NA,NA,NA,NA,NA,NA,NA,NA,NA
82,459,73c38657,26,Female,NA,0,1,0,0,NA,Experimental Psychology,NA,2016,Year 3,Cognitive,89,46,NA,0,0,0,0,0,0,0,1,0,0,1,0,1,0,Other,Via in school seminar series (internal speaker),0,0,1,0,0,0,0,0,0,0,NA,"Yes, formal training and events would be interesting to me",My supervisor(s) is/are neutral,4,3,3,6,3,3,6,5,5,5,4,4,1,1,1,4,3,4,4,5,5,5,5,4,3,3,5,5,3,NA,NA,2,NA,4.25,2.333333333,4.083333333,4.5,4.222222222,2,quant,low,4,5,5,5,5,4,3,3,5,5,3,NA,NA,2,NA
82,1377,2e26d618,42,Female,NA,1,1,0,0,"Psychology, Veterinary Science","Animal behaviour and welfare, Medical ethics and law",2001,2013,Year 2,Other,51,30,I have heard of it and have a good understanding,1,1,0,0,0,1,1,0,0,0,1,1,0,0,Other,University library open science week at [REDACTED] during PhD,0,0,0,0,0,0,0,0,0,0,NA,"Yes, formal training and events would be interesting to me",Open science practices are dissuaded,5,4,3,2,3,5,2,4,6,5,5,3,1,1,1,5,4,5,3,3,5,5,2,4,4,4,4,5,4,NA,NA,3,3,3.916666667,2.833333333,3.769230769,3,4.111111111,3,quant,low,3,3,5,5,2,4,4,4,4,5,4,NA,NA,3,3
69,2199,39fc8f2b,40,Female,NA,0,1,0,0,NA,Medical imaging,NA,2014,Year 4,Clinical,81,43,I have heard of it but know almost nothing about it,0,0,0,1,1,0,0,0,0,1,0,0,1,0,Via social media,NA,0,0,0,0,0,1,0,0,0,0,NA,"Yes, but I'm happy to keep on finding out more for myself",NA,NA,NA,NA,NA,NA,NA,NA,NA,NA,NA,NA,NA,NA,NA,NA,NA,NA,NA,NA,NA,NA,NA,NA,NA,NA,NA,NA,NA,NA,NA,NA,NA,NA,NA,NA,NA,NA,NA,NA,quant,low,NA,NA,NA,NA,NA,NA,NA,NA,NA,NA,NA,NA,NA,NA,NA
82,2412,07e1669d,39,Female,NA,0,1,0,0,NA,Psychology Conversion,NA,2017,Year 3,Counselling,74,43,I have heard of it and have a good understanding,1,0,0,1,0,0,0,0,0,0,0,0,0,0,Via external speakers (e.g. conferences/seminars),NA,0,0,0,0,0,0,0,0,0,0,NA,"Yes, formal training and events would be interesting to me",Open science practices are encouraged,5,3,4,4,3,4,5,2,6,4,4,3,1,1,1,3,3,3,4,4,4,4,3,4,2,4,3,5,4,NA,NA,NA,NA,3.916666667,2,3.727272727,4,3.666666667,NA,quant,low,4,4,4,4,3,4,2,4,3,5,4,NA,NA,NA,NA
82,19286,18cc2e97,39,Female,NA,1,1,0,0,English,Psychology Conversion,2001,2011,Year 3,Clinical,50,61,I have heard of it and have a good understanding,1,1,0,1,0,0,1,0,0,0,1,0,1,0,On a course/module during my Master's degree,NA,0,1,1,0,0,0,1,0,1,0,NA,"Yes, formal training and events would be interesting to me",My supervisor(s) is/are neutral,5,4,5,4,5,5,5,5,5,5,5,4,1,1,1,1,1,1,4,4,4,4,3,4,4,5,4,5,5,1,1,2,2,4.75,1,3.466666667,4,4.222222222,1.5,qual,high,4,4,4,4,3,4,4,5,4,5,5,1,1,2,2
82,1064,9a23439d,54,Female,NA,0,1,0,0,NA,Behavioural Science,NA,2019,Year 2,Social,80,30,I have heard of it and have a good understanding,1,1,1,1,0,0,0,1,0,0,1,1,1,0,Other,"Coursera courses, Brian Nosek",0,1,0,0,1,0,1,1,1,0,NA,"Yes, formal training and events would be interesting to me",Open science practices are encouraged,6,6,6,6,5,5,7,5,5,6,7,7,1,1,1,5,5,4,5,5,5,5,3,4,5,5,5,5,4,1,2,2,3,5.916666667,2.833333333,3.933333333,5,4.555555556,2,quant,low,5,5,5,5,3,4,5,5,5,5,4,1,2,2,3
22,56,73a760f7,27,Male,NA,1,1,0,0,NA,NA,NA,NA,NA,NA,NA,NA,NA,0,0,0,0,0,0,0,0,0,0,0,0,0,0,NA,NA,0,0,0,0,0,0,0,0,0,0,NA,NA,NA,NA,NA,NA,NA,NA,NA,NA,NA,NA,NA,NA,NA,NA,NA,NA,NA,NA,NA,NA,NA,NA,NA,NA,NA,NA,NA,NA,NA,NA,NA,NA,NA,NA,NA,NA,NA,NA,NA,NA,NA,NA,NA,NA,NA,NA,NA,NA,NA,NA,NA,NA,NA,NA,NA,NA,NA
4,130,73c768f6,NA,NA,NA,0,0,0,0,NA,NA,NA,NA,NA,NA,NA,NA,NA,0,0,0,0,0,0,0,0,0,0,0,0,0,0,NA,NA,0,0,0,0,0,0,0,0,0,0,NA,NA,NA,NA,NA,NA,NA,NA,NA,NA,NA,NA,NA,NA,NA,NA,NA,NA,NA,NA,NA,NA,NA,NA,NA,NA,NA,NA,NA,NA,NA,NA,NA,NA,NA,NA,NA,NA,NA,NA,NA,NA,NA,NA,NA,NA,NA,NA,NA,NA,NA,NA,NA,NA,NA,NA,NA,NA,NA
82,1791,3b59896f,25,Male,NA,1,0,0,0,Psychology,NA,2017,NA,Year 3,Developmental,90,60,I have heard of it and have a good understanding,1,0,1,0,0,0,0,0,0,0,1,1,1,0,On a course/module during my PhD,NA,0,0,1,0,0,0,0,0,0,0,NA,"Yes, formal training and events would be interesting to me",My supervisor(s) is/are neutral,6,5,4,5,5,5,5,4,5,6,6,5,1,1,1,2,2,4,5,5,4,5,5,5,4,3,3,5,3,2,1,3,3,5.083333333,1.833333333,3.733333333,5,4.111111111,2.25,quant,high,5,5,4,5,5,5,4,3,3,5,3,2,1,3,3
65,11131,7911218e,26,Female,NA,1,1,0,0,Psychology,"Development, Disorders and Clinical Practice",2012,2017,Year 1,Developmental,71,41,I have heard of it but know almost nothing about it,0,0,0,1,0,0,1,0,0,0,1,1,1,0,On a course/module during my undergraduate degree,NA,0,1,0,0,0,1,0,0,0,0,NA,"Yes, formal training and events would be interesting to me",NA,NA,NA,NA,NA,NA,NA,NA,NA,NA,NA,NA,NA,NA,NA,NA,NA,NA,NA,NA,NA,NA,NA,NA,NA,NA,NA,NA,NA,NA,NA,NA,NA,NA,NA,NA,NA,NA,NA,NA,quant,low,NA,NA,NA,NA,NA,NA,NA,NA,NA,NA,NA,NA,NA,NA,NA
33,3882,51134f22,28,Male,NA,0,1,0,0,NA,Psychology,NA,2017,Year 4,NA,NA,NA,NA,0,0,0,0,0,0,0,0,0,0,0,0,0,0,NA,NA,0,0,0,0,0,0,0,0,0,0,NA,NA,NA,NA,NA,NA,NA,NA,NA,NA,NA,NA,NA,NA,NA,NA,NA,NA,NA,NA,NA,NA,NA,NA,NA,NA,NA,NA,NA,NA,NA,NA,NA,NA,NA,NA,NA,NA,NA,NA,NA,NA,NA,NA,NA,NA,NA,NA,NA,NA,NA,NA,NA,NA,NA,NA,NA,NA,NA
6,136,a7bfe715,NA,NA,NA,0,0,0,0,NA,NA,NA,NA,NA,NA,NA,NA,NA,0,0,0,0,0,0,0,0,0,0,0,0,0,0,NA,NA,0,0,0,0,0,0,0,0,0,0,NA,NA,NA,NA,NA,NA,NA,NA,NA,NA,NA,NA,NA,NA,NA,NA,NA,NA,NA,NA,NA,NA,NA,NA,NA,NA,NA,NA,NA,NA,NA,NA,NA,NA,NA,NA,NA,NA,NA,NA,NA,NA,NA,NA,NA,NA,NA,NA,NA,NA,NA,NA,NA,NA,NA,NA,NA,NA,NA
100,1017,00387ffb,69,Female,NA,1,1,1,0,Physiology BSc; Medicine (MB BS),"Sports Medicine, Applied sport & exercise psychology, Paychology conversion course",1977,3017,Year 2,Cognitive,10,60,I have heard of it but know almost nothing about it,0,1,0,0,0,0,1,0,0,0,1,1,1,0,Via peers,NA,0,0,0,0,0,0,0,0,1,0,NA,"Yes, but I'm happy to keep on finding out more for myself",My supervisor(s) is/are neutral,5,2,1,NA,2,NA,NA,5,4,2,2,NA,2,1,1,4,4,4,4,5,3,4,3,5,5,5,5,5,4,NA,NA,NA,4,2.875,2.666666667,4.333333333,4.5,4.333333333,4,qual,high,4,5,3,4,3,5,5,5,5,5,4,NA,NA,NA,4
100,828,0895cc03,33,Female,NA,1,1,0,0,Psychology,Primate Conservation,2010,2011,Other,Other,100,80,NA,0,0,1,0,0,0,1,0,0,0,1,1,0,0,Via peers,NA,0,0,0,0,0,1,0,0,0,0,NA,"Yes, formal training and events would be interesting to me",My supervisor(s) is/are neutral,6,4,5,4,3,4,1,6,5,3,3,NA,1,1,1,1,1,1,5,5,5,5,5,5,3,5,5,5,5,NA,NA,2,NA,4,1,4.583333333,5,4.777777778,2,quant,high,5,5,5,5,5,5,3,5,5,5,5,NA,NA,2,NA
100,2178,d5949dcc,29,Female,NA,0,1,0,0,NA,Neuroscience and Cognition (research master),NA,2018,Year 3,Cognitive,100,60,NA,1,1,1,0,0,0,1,0,0,0,0,0,0,0,Taught by a supervisor during my Master's degree,NA,0,0,0,0,0,1,1,1,1,0,NA,"Yes, formal training and events would be interesting to me",Open science practices are encouraged,5,3,4,1,5,6,1,3,5,5,3,2,1,1,1,1,1,1,5,4,5,5,4,5,5,5,5,5,5,1,1,3,1,3.583333333,1,3.933333333,4.5,4.888888889,1.5,quant,high,5,4,5,5,4,5,5,5,5,5,5,1,1,3,1
100,634,016be9e6,24,Female,NA,1,1,0,0,Psychology,Health Psychologt,2019,2020,Year 1,Clinical,60,40,I have heard of it and have a good understanding,1,0,0,1,0,0,1,0,0,0,0,0,0,0,On a course/module during my Master's degree,NA,0,0,1,0,0,1,1,1,1,0,NA,"Yes, formal training and events would be interesting to me",Open science practices are encouraged,4,5,3,2,4,5,2,2,4,3,4,1,1,1,1,2,4,3,3,3,4,4,3,4,5,5,3,5,4,1,NA,NA,NA,3.25,2,3.666666667,3,4.111111111,1,quant,low,3,3,4,4,3,4,5,5,3,5,4,1,NA,NA,NA
100,640,96c17ff0,32,Female,NA,1,1,0,0,Psychology & Criminology,Health Psychology,2011,2013,Year 4,Health,50,60,I have heard of it but know almost nothing about it,1,1,0,0,0,0,1,1,0,0,1,1,1,0,Other,commentary research articles,0,0,0,0,0,0,0,0,0,0,NA,"Yes, but I'm happy to keep on finding out more for myself",NA,7,1,7,7,4,2,NA,7,7,7,7,NA,1,1,1,1,1,3,5,5,5,5,NA,5,5,5,5,5,5,NA,NA,NA,3,5.6,1.333333333,4.818181818,5,5,3,qual,high,5,5,5,5,NA,5,5,5,5,5,5,NA,NA,NA,3
100,889,cbee3728,27,Female,NA,1,0,0,0,Psychology,NA,2016,NA,Year 3,Other,50,50,I have heard of it and have a good understanding,0,0,0,1,0,0,0,0,0,0,0,0,0,0,Via social media,NA,0,0,0,0,0,0,1,0,0,0,NA,"Yes, formal training and events would be interesting to me",My supervisor(s) is/are neutral,1,2,NA,4,3,2,NA,NA,2,2,4,4,1,3,3,4,4,3,4,5,5,5,4,3,4,4,4,5,4,2,1,2,NA,2.666666667,3,3.714285714,4.5,4.222222222,1.666666667,qual,low,4,5,5,5,4,3,4,4,4,5,4,2,1,2,NA
100,1106,abd51f97,26,Female,NA,0,1,0,0,NA,Psychological Research,NA,2018,Year 1,Other,100,60,I have heard of it and have a good understanding,1,1,1,0,1,0,0,0,0,0,1,1,1,0,On a course/module during my Master's degree,NA,0,0,1,0,0,0,1,1,1,0,NA,"Yes, formal training and events would be interesting to me",Open science practices are encouraged,4,4,2,3,3,1,4,4,3,6,6,7,1,1,1,2,2,1,5,5,5,5,5,4,5,4,4,5,5,1,1,3,2,3.916666667,1.333333333,3.933333333,5,4.666666667,1.75,quant,high,5,5,5,5,5,4,5,4,4,5,5,1,1,3,2
100,789,b9ff5f84,42,Female,NA,1,1,0,0,Psychology,Psychology,2000,2017,Year 2,Cognitive,100,50,I have heard of it and have a good understanding,1,1,1,1,1,1,1,0,1,0,1,1,1,0,Taught by a supervisor during my Master's degree,NA,0,1,1,0,1,1,1,0,1,0,NA,"Yes, but I'm happy to keep on finding out more for myself",Open science practices are encouraged,5,4,5,6,4,3,4,4,5,6,6,6,1,1,1,2,2,2,5,5,5,5,3,5,5,5,5,5,5,NA,NA,3,2,4.833333333,1.5,4.461538462,5,4.777777778,2.5,quant,low,5,5,5,5,3,5,5,5,5,5,5,NA,NA,3,2
100,930,1df3ec76,26,Male,NA,1,1,0,0,Forensic Psychology and Criminal Justice,Health Psychology,2015,2016,Year 1,Other,65,50,NA,1,1,0,1,0,0,1,0,0,0,1,0,0,0,Taught by a supervisor during my PhD degree,NA,0,0,1,0,0,0,1,1,1,0,NA,"Yes, formal training and events would be interesting to me",Open science practices are mandatory,7,5,3,5,7,7,1,3,7,4,5,1,1,1,1,1,1,1,5,5,5,5,4,5,5,5,5,5,5,1,NA,NA,NA,4.583333333,1,4.583333333,5,4.888888889,1,quant,low,5,5,5,5,4,5,5,5,5,5,5,1,NA,NA,NA
100,1192,7c5d9be9,36,Male,NA,1,1,0,0,Theology,Psychology of Religion,2008,2012,Year 4,Social,15,80,I have heard of it and have a good understanding,1,1,1,1,0,0,1,0,0,0,1,1,0,0,Via external speakers (e.g. conferences/seminars),NA,0,0,0,0,0,0,1,1,1,0,NA,"Yes, but I'm happy to keep on finding out more for myself",My supervisor(s) is/are neutral,6,6,6,6,6,6,6,6,6,6,6,6,2,1,1,2,4,3,3,4,4,5,4,4,3,4,3,5,2,2,NA,2,3,6,2.166666667,3.428571429,3.5,3.777777778,2.333333333,qual,high,3,4,4,5,4,4,3,4,3,5,2,2,NA,2,3
100,1292,f30dd3be,27,Female,NA,0,1,0,0,NA,Psychological Wellbeing and Mental Health,NA,2017,Year 1,Educational,60,50,NA,0,0,0,0,0,0,1,0,0,0,0,0,0,0,Via social media,NA,0,0,0,0,0,0,1,1,1,0,NA,"Yes, but I'm happy to keep on finding out more for myself",Open science practices are encouraged,NA,2,NA,3,3,3,NA,NA,NA,2,NA,NA,1,1,1,1,1,1,5,5,5,5,4,4,3,5,5,5,3,NA,NA,NA,NA,2.6,1,4.454545455,5,4.333333333,NA,quant,low,5,5,5,5,4,4,3,5,5,5,3,NA,NA,NA,NA
100,2096,6056f182,36,Female,NA,0,1,0,0,NA,Educational Psychology,NA,2016,Year 4,Developmental,100,71,I have heard of it and have a good understanding,0,0,0,1,0,0,0,0,0,0,1,1,1,0,On a course/module during my Master's degree,NA,0,1,1,0,0,0,0,0,0,0,NA,"Yes, formal training and events would be interesting to me",My supervisor(s) is/are neutral,5,5,4,4,4,4,NA,2,2,3,5,2,2,2,1,3,3,2,3,5,3,3,NA,NA,NA,NA,NA,NA,NA,NA,NA,NA,3,3.636363636,2.166666667,3.4,4,3,3,quant,high,3,5,3,3,NA,NA,NA,NA,NA,NA,NA,NA,NA,NA,3
100,1239,d485f8f6,46,Female,NA,0,1,0,0,NA,Psychology RM,NA,2018,Year 3,Social,100,42,I have heard of it and have a good understanding,0,1,0,1,0,0,0,0,0,0,1,1,1,0,On a course/module during my PhD,NA,0,0,0,0,0,0,1,1,1,0,NA,"Yes, formal training and events would be interesting to me",Open science practices are mandatory,5,3,2,5,5,5,5,5,5,3,5,4,1,1,1,4,4,4,5,5,5,5,4,4,5,5,4,5,5,NA,NA,3,3,4.333333333,2.5,4.461538462,5,4.666666667,3,quant,low,5,5,5,5,4,4,5,5,4,5,5,NA,NA,3,3
100,1226,201f6647,29,Female,NA,1,1,0,0,Chemistry,Inorganic Chemistry,2013,2014,Year 2,Educational,NA,25,NA,0,0,0,0,0,0,0,0,0,0,0,0,0,0,Taught by a supervisor during my PhD degree,NA,0,0,0,0,0,0,0,0,0,0,NA,"Yes, formal training and events would be interesting to me",Open science practices are encouraged,NA,NA,NA,NA,NA,3,NA,NA,NA,2,1,NA,2,2,2,2,4,2,3,4,4,4,3,4,3,4,5,5,4,3,3,3,3,2,2.333333333,3.666666667,3.5,4,3,NA,low,3,4,4,4,3,4,3,4,5,5,4,3,3,3,3
100,2425,1428e373,24,Male,NA,1,1,0,0,Psychology,Psychological Research Methods,2019,2020,Year 1,Cognitive,100,66,I have heard of it and have a good understanding,1,1,1,1,0,0,0,0,1,1,1,0,1,0,Taught by a supervisor during my undergraduate degree,NA,0,1,1,0,1,1,1,1,0,0,NA,"Yes, formal training and events would be interesting to me",Open science practices are mandatory,4,5,4,4,4,3,6,4,6,7,4,5,5,1,1,2,2,2,5,5,5,5,4,5,5,5,5,5,5,NA,NA,NA,NA,4.666666667,2.166666667,4.909090909,5,4.888888889,NA,quant,high,5,5,5,5,4,5,5,5,5,5,5,NA,NA,NA,NA
100,2157,f3b4f9f9,26,Female,NA,1,1,0,0,Psychology,Psychological research methods,2016,2017,Year 3,Social,0,60,I have heard of it and have a good understanding,0,0,0,0,0,0,1,0,0,0,0,0,0,0,On a course/module during my Master's degree,NA,0,0,1,0,0,1,1,1,1,0,NA,"Yes, but I'm happy to keep on finding out more for myself",My supervisor(s) is/are neutral,6,4,6,4,3,6,1,4,7,5,3,3,2,1,1,1,1,1,4,4,4,5,2,4,3,5,5,5,3,NA,NA,NA,2,4.333333333,1.166666667,3.833333333,4,4,2,qual,high,4,4,4,5,2,4,3,5,5,5,3,NA,NA,NA,2
100,893,fd4eadda,34,Female,NA,1,0,0,0,Psychology,NA,2020,NA,Year 1,Social,30,40,NA,0,1,0,1,0,0,0,0,0,0,0,0,0,0,On a course/module during my undergraduate degree,NA,0,0,0,0,0,1,1,0,0,0,NA,"Yes, formal training and events would be interesting to me",Open science practices are encouraged,NA,3,NA,NA,NA,4,NA,NA,5,NA,5,NA,1,2,2,1,1,1,4,4,4,4,3,4,3,4,4,5,5,2,1,2,2,4.25,1.333333333,3.4,4,4,1.75,qual,low,4,4,4,4,3,4,3,4,4,5,5,2,1,2,2
100,1702,fb763b7a,21,Male,NA,1,0,0,0,Business,NA,2020,NA,Year 1,Health,55,57,I have heard of it and have a good understanding,1,0,1,1,0,0,0,0,0,1,0,0,1,0,Taught by a supervisor during my undergraduate degree,NA,0,1,0,0,0,0,0,0,0,0,NA,"Yes, formal training and events would be interesting to me",Open science practices are mandatory,6,6,5,5,5,6,6,6,7,7,7,7,5,5,4,4,4,4,3,3,3,3,4,4,4,5,5,5,4,4,4,5,5,6.083333333,4.333333333,4.066666667,3,4.111111111,4.5,quant,high,3,3,3,3,4,4,4,5,5,5,4,4,4,5,5
100,646,ad0e8f38,25,Female,NA,1,1,0,0,Psychology with Criminology,Health Psychology,2017,2019,Year 1,Health,30,NA,NA,0,0,0,0,1,0,0,0,0,0,0,1,1,0,On a course/module during my undergraduate degree,NA,0,0,0,0,0,0,0,0,0,0,NA,"Yes, formal training and events would be interesting to me",Open science practices are encouraged,1,3,NA,NA,NA,2,NA,2,NA,2,NA,5,3,1,1,1,1,1,2,5,5,5,4,4,4,3,4,5,4,3,3,3,3,2.5,1.333333333,3.8,3.5,4.222222222,3,qual,NA,2,5,5,5,4,4,4,3,4,5,4,3,3,3,3
100,1290,e0131ac2,34,Female,NA,1,1,0,0,Psychology,Psychology,2009,2020,Year 1,Health,40,50,I have heard of it but know almost nothing about it,0,0,0,0,0,0,1,0,0,0,0,0,1,0,Taught by a supervisor during my Master's degree,NA,0,0,1,0,0,0,0,0,0,0,NA,"Yes, formal training and events would be interesting to me",My supervisor(s) is/are neutral,NA,3,NA,NA,3,NA,NA,4,NA,4,2,2,1,1,1,1,1,2,4,5,5,5,3,5,5,5,5,5,5,NA,NA,2,2,3,1.166666667,4.307692308,4.5,4.777777778,2,qual,low,4,5,5,5,3,5,5,5,5,5,5,NA,NA,2,2
100,21015,7a331a1d,27,Female,NA,1,0,0,0,Psychology; Anthropology,NA,2015,NA,Year 3,Social,70,10,I have heard of it and have a good understanding,1,0,0,0,0,1,0,1,0,0,0,0,0,0,On a course/module during my undergraduate degree,NA,0,0,0,1,0,0,0,0,0,0,NA,"Yes, formal training and events would be interesting to me",Open science practices are encouraged,4,6,NA,NA,1,6,NA,NA,4,5,5,NA,1,1,1,2,4,2,3,5,5,5,3,5,5,5,4,5,5,NA,NA,NA,NA,4.428571429,1.833333333,4.545454545,4,4.666666667,NA,quant,low,3,5,5,5,3,5,5,5,4,5,5,NA,NA,NA,NA
33,103,4d4f1cdb,27,Female,NA,1,1,0,0,Sport and Exercise Psychology,Sport Psychology,2014,2015,Year 1,NA,NA,NA,NA,0,0,0,0,0,0,0,0,0,0,0,0,0,0,NA,NA,0,0,0,0,0,0,0,0,0,0,NA,NA,NA,NA,NA,NA,NA,NA,NA,NA,NA,NA,NA,NA,NA,NA,NA,NA,NA,NA,NA,NA,NA,NA,NA,NA,NA,NA,NA,NA,NA,NA,NA,NA,NA,NA,NA,NA,NA,NA,NA,NA,NA,NA,NA,NA,NA,NA,NA,NA,NA,NA,NA,NA,NA,NA,NA,NA,NA
82,784,c72285b2,39,Male,NA,0,1,0,0,NA,Clinical Psychology,NA,2017,Year 3,Other,18,68,NA,1,0,0,0,0,0,1,0,0,0,0,0,0,0,Via social media,NA,0,0,0,0,0,0,0,0,0,0,NA,"Yes, formal training and events would be interesting to me",NA,6,1,4,3,4,6,NA,3,5,1,NA,NA,1,2,2,4,4,3,5,5,5,5,5,4,2,5,5,5,4,2,NA,NA,NA,3.666666667,2.666666667,4.333333333,5,4.444444444,2,qual,high,5,5,5,5,5,4,2,5,5,5,4,2,NA,NA,NA
43,130,8af58a4b,24,Female,NA,1,1,0,0,Experimental Psychology,Psychology,2018,2019,Year 2,Cognitive,100,80,I have heard of it and have a good understanding,0,0,0,0,0,0,0,0,0,0,0,0,0,0,NA,NA,0,0,0,0,0,0,0,0,0,0,NA,NA,NA,NA,NA,NA,NA,NA,NA,NA,NA,NA,NA,NA,NA,NA,NA,NA,NA,NA,NA,NA,NA,NA,NA,NA,NA,NA,NA,NA,NA,NA,NA,NA,NA,NA,NA,NA,NA,NA,NA,NA,quant,high,NA,NA,NA,NA,NA,NA,NA,NA,NA,NA,NA,NA,NA,NA,NA
4,44,a08ff6f9,NA,NA,NA,0,0,0,0,NA,NA,NA,NA,NA,NA,NA,NA,NA,0,0,0,0,0,0,0,0,0,0,0,0,0,0,NA,NA,0,0,0,0,0,0,0,0,0,0,NA,NA,NA,NA,NA,NA,NA,NA,NA,NA,NA,NA,NA,NA,NA,NA,NA,NA,NA,NA,NA,NA,NA,NA,NA,NA,NA,NA,NA,NA,NA,NA,NA,NA,NA,NA,NA,NA,NA,NA,NA,NA,NA,NA,NA,NA,NA,NA,NA,NA,NA,NA,NA,NA,NA,NA,NA,NA,NA
4,14,df90c042,NA,NA,NA,0,0,0,0,NA,NA,NA,NA,NA,NA,NA,NA,NA,0,0,0,0,0,0,0,0,0,0,0,0,0,0,NA,NA,0,0,0,0,0,0,0,0,0,0,NA,NA,NA,NA,NA,NA,NA,NA,NA,NA,NA,NA,NA,NA,NA,NA,NA,NA,NA,NA,NA,NA,NA,NA,NA,NA,NA,NA,NA,NA,NA,NA,NA,NA,NA,NA,NA,NA,NA,NA,NA,NA,NA,NA,NA,NA,NA,NA,NA,NA,NA,NA,NA,NA,NA,NA,NA,NA,NA
4,28,9e9f84fe,NA,NA,NA,0,0,0,0,NA,NA,NA,NA,NA,NA,NA,NA,NA,0,0,0,0,0,0,0,0,0,0,0,0,0,0,NA,NA,0,0,0,0,0,0,0,0,0,0,NA,NA,NA,NA,NA,NA,NA,NA,NA,NA,NA,NA,NA,NA,NA,NA,NA,NA,NA,NA,NA,NA,NA,NA,NA,NA,NA,NA,NA,NA,NA,NA,NA,NA,NA,NA,NA,NA,NA,NA,NA,NA,NA,NA,NA,NA,NA,NA,NA,NA,NA,NA,NA,NA,NA,NA,NA,NA,NA
82,548,d560bd7a,NA,Female,NA,1,1,0,0,Psychology,Research Methods in Psychology,2015,2017,Year 4,Cognitive,96,94,I have heard of it and have a good understanding,1,1,1,1,1,0,1,0,0,0,1,1,1,0,Taught by a supervisor during my PhD degree,NA,0,0,0,0,0,0,1,1,0,0,NA,"Yes, but I'm happy to keep on finding out more for myself",Open science practices are encouraged,4,6,4,4,5,4,5,6,3,7,7,5,2,1,1,4,5,4,5,5,4,5,3,2,5,3,5,5,3,NA,NA,2,2,5,2.833333333,3.769230769,5,3.888888889,2,quant,high,5,5,4,5,3,2,5,3,5,5,3,NA,NA,2,2
82,667,c9bfdc62,36,Female,NA,0,1,0,0,NA,Master in Research,NA,2021,Other,Clinical,50,30,I have heard of it and have a good understanding,0,0,0,0,0,0,1,0,0,0,1,1,0,0,Via external speakers (e.g. conferences/seminars),NA,0,0,0,0,0,0,0,1,0,0,NA,"Yes, formal training and events would be interesting to me",Open science practices are encouraged,7,6,2,3,3,7,1,6,7,6,7,4,2,NA,2,2,2,2,3,2,4,4,3,5,5,4,5,5,4,NA,NA,NA,NA,4.916666667,2,4,2.5,4.333333333,NA,qual,low,3,2,4,4,3,5,5,4,5,5,4,NA,NA,NA,NA
82,2290,f0a5d21e,32,Female,NA,1,1,0,0,"Psychology (major), Criminology (minor), Sociology (minor)",Forensic Psychology,2016,2018,Year 3,Forensic,90,70,NA,0,1,0,1,0,0,0,0,0,0,1,1,1,0,Taught by a supervisor during my PhD degree,NA,0,0,0,0,0,0,0,1,1,0,NA,"Yes, formal training and events would be interesting to me",Open science practices are encouraged,6,4,NA,NA,4,7,7,6,7,6,6,5,2,2,2,4,3,3,4,5,5,5,5,4,5,5,5,5,5,NA,NA,NA,NA,5.8,2.666666667,4.818181818,4.5,4.888888889,NA,quant,high,4,5,5,5,5,4,5,5,5,5,5,NA,NA,NA,NA
45,185,2239ebfc,NA,Female,NA,0,1,1,0,NA,Health Psychology,NA,2015,Year 3,Health,32,57,I have heard of it and have a good understanding,0,0,0,0,0,0,0,0,0,0,0,0,0,0,NA,NA,0,0,0,0,0,0,0,0,0,0,NA,NA,NA,NA,NA,NA,NA,NA,NA,NA,NA,NA,NA,NA,NA,NA,NA,NA,NA,NA,NA,NA,NA,NA,NA,NA,NA,NA,NA,NA,NA,NA,NA,NA,NA,NA,NA,NA,NA,NA,NA,NA,qual,high,NA,NA,NA,NA,NA,NA,NA,NA,NA,NA,NA,NA,NA,NA,NA
45,91,83157536,26,Female,NA,0,1,0,0,NA,Psychological Research Methods,NA,2017,Year 3,Cognitive,84,56,NA,0,0,0,0,0,0,0,0,0,0,0,0,0,0,NA,NA,0,0,0,0,0,0,0,0,0,0,NA,NA,NA,NA,NA,NA,NA,NA,NA,NA,NA,NA,NA,NA,NA,NA,NA,NA,NA,NA,NA,NA,NA,NA,NA,NA,NA,NA,NA,NA,NA,NA,NA,NA,NA,NA,NA,NA,NA,NA,NA,NA,quant,high,NA,NA,NA,NA,NA,NA,NA,NA,NA,NA,NA,NA,NA,NA,NA
45,282,9c318b56,32,Female,NA,0,1,0,0,NA,Psychology conversion,NA,2018,Year 3,Health,50,40,I have heard of it and have a good understanding,0,0,0,0,0,0,0,0,0,0,0,0,0,0,NA,NA,0,0,0,0,0,0,0,0,0,0,NA,NA,NA,NA,NA,NA,NA,NA,NA,NA,NA,NA,NA,NA,NA,NA,NA,NA,NA,NA,NA,NA,NA,NA,NA,NA,NA,NA,NA,NA,NA,NA,NA,NA,NA,NA,NA,NA,NA,NA,NA,NA,qual,low,NA,NA,NA,NA,NA,NA,NA,NA,NA,NA,NA,NA,NA,NA,NA
100,711,e88e928f,47,Female,NA,1,1,0,0,Business Studies with English,Psychology,1995,2019,Year 2,Cognitive,100,30,NA,0,0,0,1,0,0,1,0,0,0,0,0,0,0,Other,own reading,0,0,0,0,0,0,0,0,0,0,NA,"Yes, but I'm happy to keep on finding out more for myself",NA,NA,NA,NA,NA,NA,NA,NA,NA,NA,NA,NA,NA,3,2,2,2,2,2,3,3,3,3,3,4,3,4,3,4,4,3,3,3,3,NA,2.166666667,3.266666667,3,3.444444444,3,quant,low,3,3,3,3,3,4,3,4,3,4,4,3,3,3,3
100,718,921707d8,25,Female,NA,0,1,0,0,NA,Clinical and health psychology,NA,2017,Year 1,Social,20,75,NA,0,0,0,1,0,0,1,0,0,0,0,0,0,0,Via external speakers (e.g. conferences/seminars),NA,0,0,0,0,0,0,1,0,0,0,NA,"Yes, formal training and events would be interesting to me",My supervisor(s) is/are neutral,1,5,1,1,3,1,1,1,3,3,3,1,1,1,1,1,1,1,2,5,4,3,2,4,4,4,5,5,4,2,2,2,2,2,1,3.333333333,3.5,3.888888889,2,qual,high,2,5,4,3,2,4,4,4,5,5,4,2,2,2,2
100,1061,da475bfe,30,Female,NA,0,1,0,0,NA,Developmental psychology,NA,2014,Year 1,Developmental,100,60,NA,1,1,1,0,0,0,1,0,0,0,1,1,1,0,On a course/module during my PhD,NA,0,0,1,0,0,0,0,0,1,0,NA,"Yes, formal training and events would be interesting to me",Open science practices are encouraged,5,5,6,6,6,6,6,5,6,5,4,4,1,1,1,2,2,3,3,5,5,5,5,4,4,5,4,5,4,NA,NA,NA,NA,5.333333333,1.666666667,4.454545455,4,4.555555556,NA,quant,high,3,5,5,5,5,4,4,5,4,5,4,NA,NA,NA,NA
100,385,ceb0392d,39,Female,NA,1,1,0,0,"Linguistics and Phonetics BA, Speech and Language Therapy BSc",Language and Communication Impairment in Children,2003,2014,Year 2,Health,0,10,NA,0,0,0,0,0,0,0,0,0,0,0,0,0,0,NA,NA,0,0,0,0,0,0,0,0,0,0,NA,NA,NA,NA,NA,NA,NA,3,6,NA,NA,7,NA,NA,NA,3,2,1,3,3,3,2,4,5,4,3,4,5,4,4,5,3,3,3,3,3,5.333333333,2.5,3.666666667,3,4.111111111,3,qual,low,2,4,5,4,3,4,5,4,4,5,3,3,3,3,3
100,1299,153dcc1f,24,Female,NA,1,1,0,0,Psychology,Research methods in Psychology,2017,2018,Year 3,Health,70,60,I have heard of it and have a good understanding,1,1,0,1,0,1,1,0,0,1,1,1,1,0,On a course/module during my undergraduate degree,NA,0,1,0,1,1,1,1,0,1,0,NA,"Yes, formal training and events would be interesting to me",Open science practices are encouraged,5,6,3,4,4,4,6,4,6,5,6,3,2,1,1,2,1,2,4,4,4,4,3,4,5,5,5,5,5,1,1,2,1,4.666666667,1.5,3.533333333,4,4.444444444,1.25,quant,high,4,4,4,4,3,4,5,5,5,5,5,1,1,2,1
100,411,92110edd,28,Female,NA,1,1,0,0,Psychology,Abnormal and clinical psychology,2014,2016,Other,Health,50,70,NA,0,0,0,0,0,0,0,0,0,0,0,0,0,0,NA,NA,0,0,0,0,0,0,0,0,0,0,NA,NA,NA,4,1,5,6,6,6,1,6,2,4,6,6,1,1,1,4,4,3,5,5,5,5,3,2,3,4,5,5,2,1,1,2,3,4.416666667,2.333333333,3.4,5,3.777777778,1.75,qual,high,5,5,5,5,3,2,3,4,5,5,2,1,1,2,3
100,446,0d21f69c,47,Female,NA,1,1,0,0,Humanities,Psychology Conversion,1994,2017,Year 2,Health,NA,50,NA,0,0,0,0,0,0,0,0,0,0,0,0,0,0,NA,NA,0,0,0,0,0,0,0,0,0,0,NA,NA,NA,NA,NA,NA,3,6,3,NA,5,3,6,3,NA,2,1,1,1,1,1,NA,3,NA,NA,NA,NA,NA,NA,NA,NA,NA,NA,NA,NA,NA,4.142857143,1.166666667,3,3,NA,NA,NA,low,NA,3,NA,NA,NA,NA,NA,NA,NA,NA,NA,NA,NA,NA,NA
100,599,1df53b24,32,Male,NA,0,1,0,0,NA,Experimental Psychology,NA,2014,Year 3,Social,40,40,NA,0,0,0,0,0,0,0,0,0,0,0,0,0,0,On a course/module during my Master's degree,NA,0,0,0,0,0,0,1,0,0,0,NA,"Yes, formal training and events would be interesting to me",My supervisor(s) is/are neutral,5,3,2,5,4,6,7,4,5,3,4,1,1,1,1,1,2,1,5,5,4,5,5,5,5,5,5,5,4,NA,NA,NA,NA,4.083333333,1.166666667,4.818181818,5,4.777777778,NA,qual,low,5,5,4,5,5,5,5,5,5,5,4,NA,NA,NA,NA
100,352,8b8a3f1e,32,Female,NA,0,1,0,0,NA,Investigative Psychology,NA,2015,Other,Social,40,60,NA,0,0,0,0,0,0,0,0,0,0,0,0,0,0,NA,NA,0,0,0,0,0,0,0,0,0,0,NA,NA,NA,NA,NA,NA,NA,7,7,NA,NA,6,6,NA,NA,1,1,1,1,1,1,1,5,5,3,4,5,2,5,4,5,5,NA,1,NA,NA,6.5,1,3.75,3,4.222222222,1,qual,high,1,5,5,3,4,5,2,5,4,5,5,NA,1,NA,NA
100,507,1aee8a7f,30,Male,NA,0,0,1,0,NA,NA,NA,NA,Other,Cognitive,29,81,I have heard of it and have a good understanding,0,0,0,0,0,1,1,0,0,0,1,1,1,1,On a course/module during my PhD,NA,0,0,0,0,0,1,0,0,1,0,NA,"Yes, formal training and events would be interesting to me",Open science practices are encouraged,3,5,4,4,6,7,4,7,7,4,3,4,1,1,1,1,1,1,2,3,5,5,5,5,5,4,5,5,4,2,1,2,NA,4.833333333,1,3.785714286,2.5,4.777777778,1.666666667,qual,high,2,3,5,5,5,5,5,4,5,5,4,2,1,2,NA
100,2291,cc33c3f6,28,Female,NA,1,1,0,0,Psychology,MRes in Social Science Research,2015,2020,Year 1,Other,50,40,I have heard of it and have a good understanding,0,0,0,0,0,1,1,0,0,1,0,0,1,0,Other,Don't remember,0,0,1,0,0,0,0,1,1,0,NA,"Yes, but I'm happy to keep on finding out more for myself",Open science practices are dissuaded,5,4,4,3,3,2,6,2,2,6,7,6,2,1,2,4,3,3,4,3,3,4,1,2,5,5,5,5,4,1,1,3,2,4.166666667,2.5,3.2,3.5,3.777777778,1.75,qual,low,4,3,3,4,1,2,5,5,5,5,4,1,1,3,2
100,376,e72f2ed1,31,Female,NA,0,1,0,0,NA,Psychology,NA,2020,Year 1,Social,0,81,NA,0,0,0,0,0,0,0,0,0,0,0,0,0,0,NA,NA,0,0,0,0,0,0,0,0,0,0,NA,NA,NA,6,NA,6,6,6,6,6,6,4,3,7,3,1,1,1,1,1,3,5,4,5,5,3,5,5,2,5,5,5,NA,NA,NA,NA,5.363636364,1.333333333,4.454545455,4.5,4.444444444,NA,qual,high,5,4,5,5,3,5,5,2,5,5,5,NA,NA,NA,NA
100,1113,a7652738,30,Female,NA,1,1,0,0,Psychology and Criminology,Neurocognitive Psychology,2012,2015,Year 4,Cognitive,94,30,I have heard of it but know almost nothing about it,0,0,0,0,0,0,0,1,0,1,1,1,1,0,Via external speakers (e.g. conferences/seminars),NA,0,0,0,0,0,0,1,0,1,0,NA,"Yes, formal training and events would be interesting to me",My supervisor(s) is/are neutral,6,2,3,2,3,5,6,5,6,1,2,1,1,1,1,2,4,2,3,5,3,3,5,3,5,3,4,5,3,1,1,4,1,3.5,1.833333333,3.266666667,4,3.777777778,1.75,quant,low,3,5,3,3,5,3,5,3,4,5,3,1,1,4,1
100,477,d601cdfb,27,Female,NA,0,1,0,0,NA,MSci Psychology,NA,2016,Year 3,Forensic,20,49,I have heard of it and have a good understanding,0,0,0,0,0,0,0,0,0,0,0,0,0,0,Other,Within a school seminar,0,0,0,0,0,0,0,1,0,0,NA,"Yes, formal training and events would be interesting to me",My supervisor(s) is/are neutral,NA,2,NA,NA,2,7,7,7,7,NA,3,NA,1,1,1,1,1,1,4,4,3,4,2,4,1,NA,5,5,5,NA,NA,2,NA,5,1,3.545454545,4,3.625,2,qual,low,4,4,3,4,2,4,1,NA,5,5,5,NA,NA,2,NA
100,7263,eda5d8ee,24,Male,NA,0,1,0,0,NA,Psychological Research Methods,NA,2020,Year 1,Cognitive,100,32,I have heard of it and have a good understanding,1,1,0,1,1,1,1,1,0,0,1,1,1,0,Other,from senior colleagues (with whom I did not have a formal relationship),0,0,0,0,0,0,0,1,0,0,NA,"Yes, but I'm happy to keep on finding out more for myself",My supervisor(s) is/are neutral,5,4,5,5,5,5,5,4,5,6,4,3,1,1,1,1,1,1,4,5,3,4,5,5,4,1,3,5,NA,NA,NA,NA,NA,4.666666667,1,3.9,4.5,3.75,NA,quant,low,4,5,3,4,5,5,4,1,3,5,NA,NA,NA,NA,NA
100,1162,5de2e52c,25,Female,NA,1,0,0,0,Psychology,NA,2017,NA,Year 3,Other,100,40,I have heard of it and have a good understanding,1,1,1,0,0,1,1,0,0,0,1,1,1,0,On a course/module during my PhD,NA,0,0,1,0,0,0,0,0,0,0,NA,"Yes, but I'm happy to keep on finding out more for myself",My supervisor(s) is/are neutral,2,4,3,1,6,1,1,2,7,7,5,2,1,1,1,1,2,3,5,5,4,5,2,4,5,5,5,5,5,1,1,3,3,3.416666667,1.5,3.866666667,5,4.444444444,2,quant,low,5,5,4,5,2,4,5,5,5,5,5,1,1,3,3
100,1356,d6d59d38,43,Female,NA,0,0,1,0,NA,NA,NA,NA,Year 3,Social,50,50,NA,0,0,0,0,0,0,0,0,0,0,0,0,0,0,NA,NA,0,0,0,0,0,0,0,0,0,0,NA,NA,NA,NA,NA,NA,NA,NA,NA,NA,6,NA,6,NA,NA,2,3,1,1,2,2,3,NA,4,4,3,3,5,4,4,5,4,3,3,3,3,6,1.833333333,3.642857143,3,4,3,qual,low,3,NA,4,4,3,3,5,4,4,5,4,3,3,3,3
100,11052,f92b0561,59,Male,NA,1,1,0,0,Theology,Psychoanalytic Psychotherapy,1984,1998,Other,Occupational,35,31,I have heard of it but know almost nothing about it,0,0,0,0,0,0,0,0,0,0,0,0,0,0,Via social media,NA,0,0,0,0,0,0,0,1,0,0,NA,"Yes, but I'm happy to keep on finding out more for myself",My supervisor(s) is/are neutral,NA,6,2,5,5,6,2,2,5,4,1,1,4,2,2,2,3,3,2,4,5,5,3,4,5,4,5,5,3,3,3,3,3,3.545454545,2.666666667,3.8,3,4.333333333,3,qual,low,2,4,5,5,3,4,5,4,5,5,3,3,3,3,3
100,673,4a775100,28,Female,NA,0,1,0,0,NA,Psychology,NA,NA,Year 3,Social,92,72,I have heard of it and have a good understanding,1,1,0,1,1,0,0,0,0,0,1,0,1,0,On a course/module during my Master's degree,NA,1,0,1,0,0,1,1,1,0,0,NA,No,Open science practices are encouraged,5,6,5,6,6,5,6,6,7,7,7,7,1,1,1,3,3,1,4,5,4,4,4,5,4,3,4,5,4,1,1,2,2,6.083333333,1.666666667,3.466666667,4.5,4.111111111,1.5,quant,high,4,5,4,4,4,5,4,3,4,5,4,1,1,2,2
100,1172,17cdc8d3,25,Female,NA,0,1,0,0,NA,MRes Psychology,NA,2019,Year 2,Social,0,30,I have heard of it and have a good understanding,0,1,0,0,0,0,1,0,0,0,0,0,0,0,On a course/module during my Master's degree,NA,0,0,1,0,0,0,1,0,1,0,NA,"Yes, formal training and events would be interesting to me",My supervisor(s) is/are neutral,4,4,1,3,5,5,1,1,3,3,3,2,2,2,2,2,2,2,3,5,5,5,3,4,5,5,5,5,5,3,3,3,3,2.916666667,2,4.133333333,4,4.666666667,3,qual,low,3,5,5,5,3,4,5,5,5,5,5,3,3,3,3
100,933,5.70E+12,27,Female,NA,0,1,0,0,NA,Educational Research,NA,2018,Year 3,NA,100,71,I have heard of it and have a good understanding,1,1,1,1,0,0,0,0,0,0,1,0,0,0,On a course/module during my undergraduate degree,NA,1,0,0,0,0,0,0,0,0,0,NA,"Yes, but I'm happy to keep on finding out more for myself",My supervisors disagree about open science,7,5,6,7,5,4,7,5,7,7,7,NA,1,1,1,2,3,1,3,5,5,5,4,5,4,4,5,5,5,1,1,2,2,6.090909091,1.5,3.733333333,4,4.666666667,1.5,quant,high,3,5,5,5,4,5,4,4,5,5,5,1,1,2,2
100,1456,48578254,28,Male,NA,0,1,0,0,NA,Experimental Psychology,NA,2017,Year 3,Sport and Exercise,92,74,I have heard of it and have a good understanding,0,1,1,1,0,0,1,0,0,0,1,1,0,0,On a course/module during my Master's degree,NA,0,0,1,0,0,1,1,1,1,0,NA,"Yes, formal training and events would be interesting to me",Open science practices are encouraged,6,6,5,5,6,5,6,5,6,7,7,6,1,1,1,4,4,2,5,5,4,5,5,5,3,3,4,5,4,2,NA,3,NA,5.833333333,2.166666667,4.076923077,5,4.222222222,2.5,quant,high,5,5,4,5,5,5,3,3,4,5,4,2,NA,3,NA
100,1342,8d54ae4e,27,Female,NA,0,1,0,0,NA,Occupational & Organisational Psychology,NA,2018,Year 2,Occupational,60,67,NA,0,0,0,0,0,0,1,1,0,1,1,1,1,0,Via peers,NA,0,0,0,0,0,0,1,0,0,0,NA,"Yes, formal training and events would be interesting to me",My supervisor(s) is/are neutral,2,3,3,2,3,4,2,6,5,4,3,2,3,1,1,1,1,1,4,5,4,5,4,3,5,3,5,5,3,1,1,2,1,3.25,1.333333333,3.4,4.5,4.111111111,1.25,quant,high,4,5,4,5,4,3,5,3,5,5,3,1,1,2,1
100,339,b3d2fedb,31,Female,NA,1,1,0,0,Liberal Arts & Sciences,Investigative Psychology,2015,2017,Year 3,Developmental,100,65,NA,0,0,0,0,0,0,0,0,0,0,0,0,0,0,NA,NA,0,0,0,0,0,0,0,0,0,0,NA,NA,NA,2,2,2,2,4,3,2,3,3,2,2,2,2,2,2,2,2,2,3,4,4,4,3,4,4,3,3,5,3,3,2,3,3,2.416666667,2,3.4,3.5,3.666666667,2.75,quant,high,3,4,4,4,3,4,4,3,3,5,3,3,2,3,3
100,1797,1fa32a0c,29,Female,NA,1,1,0,0,Psychology and Counselling,Applied Social and Health Psychology,2013,2017,Year 4,Health,50,70,NA,0,0,0,1,0,0,1,0,0,0,0,0,1,0,Taught by a supervisor during my Master's degree,NA,0,0,0,0,0,1,0,0,0,0,NA,"Yes, formal training and events would be interesting to me",My supervisor(s) is/are neutral,NA,NA,NA,NA,3,NA,NA,4,NA,4,4,NA,1,1,1,1,1,1,4,4,5,5,2,3,5,5,5,5,5,NA,NA,NA,NA,3.75,1,4.363636364,4,4.444444444,NA,qual,high,4,4,5,5,2,3,5,5,5,5,5,NA,NA,NA,NA
100,463,26107c5f,28,Female,NA,0,1,0,0,NA,Forensic Psychology,NA,2016,Year 2,Forensic,80,60,NA,1,0,0,0,0,0,0,0,0,0,1,1,1,0,On a course/module during my Master's degree,NA,0,0,1,0,0,0,0,0,0,0,NA,"Yes, but I'm happy to keep on finding out more for myself",Open science practices are encouraged,1,2,1,3,3,3,1,4,5,2,2,1,3,3,1,1,1,1,2,5,4,5,3,4,3,3,3,5,3,1,1,2,3,2.333333333,1.666666667,3.133333333,3.5,3.666666667,1.75,quant,high,2,5,4,5,3,4,3,3,3,5,3,1,1,2,3
100,1378,14f67627,26,Male,NA,1,1,0,0,Psychology,Psychological Research Methods,2017,2020,Year 1,Cognitive,50,73,I have heard of it and have a good understanding,1,1,1,1,0,0,1,0,1,0,1,1,1,0,On a course/module during my undergraduate degree,NA,0,1,0,0,0,0,1,1,1,0,NA,"Yes, formal training and events would be interesting to me",Open science practices are encouraged,6,7,7,7,7,6,7,6,7,7,7,7,4,1,1,3,1,3,5,5,NA,5,4,5,5,5,4,5,5,1,1,1,3,6.75,2.166666667,3.857142857,5,4.75,1.5,qual,high,5,5,NA,5,4,5,5,5,4,5,5,1,1,1,3
100,1724,6763fcef,32,Female,NA,1,1,0,0,Psychology,Psychology,2010,2012,Year 4,Social,100,72,I have heard of it and have a good understanding,1,1,1,1,0,0,0,0,0,0,1,1,1,0,Taught by a supervisor during my PhD degree,NA,0,0,0,0,0,0,1,0,1,0,NA,"Yes, formal training and events would be interesting to me",Open science practices are mandatory,7,6,7,5,6,6,7,7,7,7,7,7,3,1,2,2,1,4,3,3,5,5,5,5,5,5,5,5,4,1,1,3,1,6.583333333,2.166666667,3.733333333,3,4.888888889,1.5,quant,high,3,3,5,5,5,5,5,5,5,5,4,1,1,3,1
100,642,b49617b7,47,Female,NA,1,1,0,0,Psychology,Education,2015,2019,Year 1,Social,80,50,NA,0,0,0,0,0,0,0,0,0,0,0,0,0,0,Taught by a supervisor during my PhD degree,NA,0,0,0,0,0,0,1,0,0,0,NA,"Yes, formal training and events would be interesting to me",Open science practices are encouraged,4,3,3,3,3,3,2,2,4,2,2,2,3,2,2,3,4,3,2,4,4,4,4,4,4,4,4,5,5,2,2,3,3,2.75,2.833333333,3.6,3,4.222222222,2.5,quant,low,2,4,4,4,4,4,4,4,4,5,5,2,2,3,3
100,895,341177fe,38,Female,I don't have a gender identity but am female sex.,0,1,0,0,NA,International development and business,NA,2012,Year 2,Social,11,30,NA,1,1,0,1,0,0,0,0,0,0,0,0,0,0,Other,In previous job.,0,0,1,0,0,0,0,1,0,0,NA,"Yes, but I'm happy to keep on finding out more for myself",My supervisor(s) is/are neutral,5,5,4,5,3,3,NA,3,2,6,5,2,1,1,1,3,4,3,4,4,3,4,5,3,4,5,5,5,3,1,NA,3,3,3.909090909,2.166666667,3.714285714,4,4.111111111,2.333333333,qual,low,4,4,3,4,5,3,4,5,5,5,3,1,NA,3,3
100,1758,2ab87c49,40,Female,NA,1,1,0,0,Psychology,Health Psychology,2002,2020,Year 1,Health,35,50,NA,0,0,0,0,0,0,0,0,0,0,0,0,0,0,Via peers,NA,0,0,0,0,0,0,0,0,0,0,NA,"Yes, but I'm happy to keep on finding out more for myself",NA,NA,2,6,4,6,4,2,7,7,6,NA,NA,2,1,2,2,2,1,2,3,4,5,NA,2,3,4,5,5,5,NA,NA,2,2,4.888888889,1.666666667,3.5,2.5,4.125,2,qual,low,2,3,4,5,NA,2,3,4,5,5,5,NA,NA,2,2
100,1888,7cf7fae4,25,Female,NA,0,1,0,0,NA,Applied Statistics in Health Sciences,NA,2019,Year 2,Other,80,75,I have heard of it and have a good understanding,1,1,1,1,1,1,1,1,0,1,1,1,1,0,On a course/module during my Master's degree,NA,0,0,1,0,0,0,0,0,0,0,NA,"Yes, formal training and events would be interesting to me",Open science practices are encouraged,7,7,6,7,7,5,7,6,7,7,7,6,3,2,1,3,2,1,5,5,5,5,3,5,5,5,5,5,5,1,1,1,1,6.583333333,2,3.8,5,4.777777778,1,quant,high,5,5,5,5,3,5,5,5,5,5,5,1,1,1,1
100,2274,6.40E+54,44,Female,NA,0,1,0,0,NA,Psychology - Identity and gender studies,NA,2016,Year 2,Social,NA,61,NA,0,0,0,0,0,0,0,0,0,0,1,1,1,0,Via peers,NA,0,0,0,0,0,0,0,0,0,0,NA,"Yes, formal training and events would be interesting to me",Open science practices are encouraged,7,4,3,NA,5,6,NA,6,7,NA,3,NA,2,1,1,4,5,2,5,3,5,5,2,2,4,3,4,5,3,NA,NA,2,4,5.125,2.5,3.615384615,4,3.666666667,3,NA,high,5,3,5,5,2,2,4,3,4,5,3,NA,NA,2,4
100,1229,dab44332,39,Female,NA,1,1,0,0,Psychology,Developmental Psychology,2019,2020,Year 1,Developmental,100,70,I have heard of it and have a good understanding,1,1,1,1,0,0,0,0,0,0,1,0,1,0,Other,During undergrad from PhD student at my uni,1,1,1,0,0,0,1,1,1,0,NA,"Yes, but I'm happy to keep on finding out more for myself",Open science practices are encouraged,7,5,7,7,7,7,7,6,7,7,7,7,1,1,1,1,2,2,3,5,4,4,4,5,5,4,4,5,4,1,1,2,1,6.75,1.333333333,3.466666667,4,4.333333333,1.25,quant,high,3,5,4,4,4,5,5,4,4,5,4,1,1,2,1
100,439,08e2eb83,27,Male,NA,0,1,0,0,NA,MSc in Developmental Science,NA,2019,Year 1,Cognitive,100,50,I have heard of it and have a good understanding,0,0,0,1,1,0,1,0,0,0,1,0,0,0,On a course/module during my PhD,NA,0,0,0,0,0,1,1,0,0,0,NA,"Yes, formal training and events would be interesting to me",Open science practices are encouraged,7,6,6,7,6,4,7,4,7,7,7,6,1,1,1,1,1,1,4,5,5,5,5,4,5,4,5,5,3,NA,NA,NA,1,6.166666667,1,4.25,4.5,4.555555556,1,quant,low,4,5,5,5,5,4,5,4,5,5,3,NA,NA,NA,1
100,1672,d0a29d26,27,Prefer not to say,NA,0,0,0,1,NA,NA,NA,NA,Year 1,Social,49,50,NA,0,1,0,1,0,0,0,1,0,0,1,0,0,0,On a course/module during my Master's degree,NA,0,1,0,0,0,0,0,0,0,0,NA,"Yes, formal training and events would be interesting to me",Open science practices are encouraged,5,4,3,3,4,3,3,4,4,4,5,3,4,3,2,2,2,3,3,3,3,3,4,4,4,3,4,3,4,1,1,3,3,3.75,2.666666667,3.066666667,3,3.555555556,2,qual,low,3,3,3,3,4,4,4,3,4,3,4,1,1,3,3
100,876,0db1ccda,28,Female,NA,0,1,0,0,NA,Developmental Psychology,NA,2017,Year 2,Neuropsychology,100,70,I have heard of it and have a good understanding,1,1,1,0,1,1,1,1,0,0,1,0,0,0,Taught by a supervisor during my Master's degree,NA,0,0,0,0,0,0,1,1,0,0,NA,"Yes, formal training and events would be interesting to me",Open science practices are encouraged,5,6,5,7,5,4,7,4,7,6,5,5,1,1,1,4,4,2,4,5,5,5,4,5,5,5,3,5,4,2,1,2,1,5.5,2.166666667,3.733333333,4.5,4.555555556,1.5,quant,high,4,5,5,5,4,5,5,5,3,5,4,2,1,2,1
100,548,3c9d1a96,27,Female,NA,1,0,0,0,Psychology,NA,2018,NA,Year 1,Social,76,70,I have heard of it and have a good understanding,1,1,1,1,0,0,0,1,0,0,1,1,1,1,Taught by a supervisor during my undergraduate degree,NA,0,0,1,0,0,0,0,0,0,0,NA,"Yes, but I'm happy to keep on finding out more for myself",Open science practices are encouraged,5,5,4,4,4,5,3,5,5,5,6,5,2,1,1,4,4,4,3,3,3,4,4,3,3,3,4,5,4,1,1,1,1,4.666666667,2.666666667,2.866666667,3,3.666666667,1,quant,high,3,3,3,4,4,3,3,3,4,5,4,1,1,1,1
100,875,c7a1a865,31,Male,NA,0,1,0,0,NA,Research Methods (I believe),NA,2018,Other,Social,100,67,I have heard of it and have a good understanding,1,1,1,1,0,0,0,0,0,0,1,1,1,0,Other,I would say once I believe that NYT article was posted it became a talking point in the field.,0,0,0,0,0,0,0,0,1,0,NA,"Yes, formal training and events would be interesting to me",My supervisor(s) is/are neutral,6,5,6,6,6,5,6,4,5,5,5,1,2,3,3,5,NA,5,4,5,3,3,5,4,5,2,4,5,2,1,1,1,1,5,3.6,3.066666667,4.5,3.666666667,1,quant,high,4,5,3,3,5,4,5,2,4,5,2,1,1,1,1
100,2080,a0f37934,31,Male,NA,0,1,0,0,NA,Sport Science,NA,2019,Year 1,Sport and Exercise,90,65,NA,0,0,0,1,0,1,0,0,0,1,1,1,1,0,Via peers,NA,0,0,0,0,1,1,0,0,0,0,NA,"Yes, formal training and events would be interesting to me",Open science practices are encouraged,2,3,5,5,3,3,NA,5,5,5,6,3,1,1,1,3,1,4,4,5,4,5,5,4,5,5,5,5,5,NA,NA,NA,3,4.090909091,1.833333333,4.583333333,4.5,4.777777778,3,quant,high,4,5,4,5,5,4,5,5,5,5,5,NA,NA,NA,3
100,1056,d1bc8665,26,Female,NA,0,1,0,0,NA,Psychology of mental health,NA,2017,Year 2,Neuropsychology,34,39,NA,0,0,0,1,0,0,0,0,0,0,1,1,1,0,On a course/module during my Master's degree,NA,0,1,0,0,0,0,0,0,0,0,NA,"Yes, but I'm happy to keep on finding out more for myself",My supervisors disagree about open science,3,3,NA,2,6,2,2,3,2,5,1,2,5,5,2,2,4,4,1,3,5,4,5,3,5,4,2,NA,NA,2,3,4,1,2.818181818,3.666666667,3.230769231,2,4,2.5,qual,low,1,3,5,4,5,3,5,4,2,NA,NA,2,3,4,1
100,821,5868826b,27,Female,NA,1,0,0,0,Psychology,NA,2016,NA,Year 3,Developmental,90,20,NA,0,1,1,0,0,0,0,1,0,0,1,1,1,0,Taught by a supervisor during my PhD degree,NA,0,0,0,0,0,0,0,0,0,1,my work boss,"Yes, formal training and events would be interesting to me",Open science practices are encouraged,1,2,4,6,6,4,7,3,7,5,5,2,1,1,1,1,1,1,4,5,3,4,3,1,2,5,4,5,5,1,1,4,1,4.333333333,1,3.2,4.5,3.555555556,1.75,quant,low,4,5,3,4,3,1,2,5,4,5,5,1,1,4,1
100,391,178bec0a,31,Female,NA,0,1,0,0,NA,Clinical psychology,NA,2020,Year 1,Clinical,50,70,NA,0,0,0,0,0,0,0,0,0,0,0,0,0,0,NA,NA,0,0,0,0,0,0,0,0,0,0,NA,NA,NA,1,1,1,1,1,6,NA,6,4,1,4,1,1,1,1,1,1,1,3,3,5,5,5,5,4,4,5,5,5,1,1,1,2,2.454545455,1,3.6,3,4.777777778,1.25,qual,high,3,3,5,5,5,5,4,4,5,5,5,1,1,1,2
100,1688,70227c28,23,Female,NA,0,1,0,0,NA,Health Psychology,NA,2020,Year 1,Health,70,60,I have heard of it and have a good understanding,0,0,1,0,0,1,1,1,0,0,1,1,1,0,Via external speakers (e.g. conferences/seminars),NA,0,0,1,0,0,0,0,0,0,0,NA,"Yes, formal training and events would be interesting to me",Open science practices are encouraged,2,4,1,3,5,3,1,4,4,4,4,2,2,2,2,2,2,4,4,4,4,4,3,4,3,3,4,5,5,1,1,1,1,3.083333333,2.333333333,3.133333333,4,3.888888889,1,quant,high,4,4,4,4,3,4,3,3,4,5,5,1,1,1,1
100,1631,48c59b50,23,Male,NA,0,1,0,0,NA,Clinical Neuroscience,NA,2019,Year 2,Neuropsychology,100,80,NA,0,1,0,0,0,0,0,0,0,0,1,1,1,1,On a course/module during my undergraduate degree,NA,0,0,0,0,0,0,1,0,0,0,NA,"Yes, formal training and events would be interesting to me",My supervisor(s) is/are neutral,5,6,7,5,7,7,7,6,7,5,4,1,2,1,1,2,4,2,2,5,5,5,2,2,5,4,2,5,3,NA,NA,NA,2,5.583333333,2,3.5,3.5,3.666666667,2,quant,high,2,5,5,5,2,2,5,4,2,5,3,NA,NA,NA,2
100,782,20bab8f4,25,Female,NA,0,1,0,0,NA,Experimental psychology,NA,2020,Year 1,Other,95,50,NA,0,0,0,0,0,0,0,0,0,0,0,0,0,0,Other,Heard of it at a lab meeting during my Master's thesis,0,0,0,0,0,0,0,0,0,0,NA,"Yes, formal training and events would be interesting to me",My supervisor(s) is/are neutral,2,4,1,2,5,5,1,4,5,3,1,1,1,2,1,2,4,2,2,5,5,5,4,5,4,5,5,5,4,1,1,1,1,2.833333333,2,3.533333333,3.5,4.666666667,1,quant,low,2,5,5,5,4,5,4,5,5,5,4,1,1,1,1
100,6497,3a9a780a,26,Female,NA,0,1,0,0,NA,Neuropsychology,NA,2018,Year 2,Neuropsychology,100,60,I have heard of it and have a good understanding,0,0,0,0,0,0,1,1,0,0,0,0,0,0,On a course/module during my Master's degree,NA,0,0,1,0,0,0,1,1,1,0,NA,"Yes, formal training and events would be interesting to me",Open science practices are encouraged,6,5,5,4,5,4,5,5,6,6,3,3,1,1,1,4,2,4,2,2,4,4,4,3,4,3,3,5,3,2,4,3,3,4.75,2.166666667,3.266666667,2,3.666666667,3,quant,high,2,2,4,4,4,3,4,3,3,5,3,2,4,3,3
100,698,e0a31d62,25,Male,NA,0,1,0,0,NA,Psychological Research Methods,NA,2019,Year 2,Health,85,60,I have heard of it and have a good understanding,0,1,1,1,0,1,1,1,0,0,1,1,1,0,Taught by a supervisor during my undergraduate degree,NA,0,1,0,0,0,0,1,1,1,1,ReproducibiliTea,"Yes, formal training and events would be interesting to me",Open science practices are encouraged,7,7,7,7,7,7,7,7,7,7,7,7,1,1,1,4,4,4,5,5,4,5,4,3,3,5,5,5,1,5,5,3,5,7,2.5,4.2,5,3.888888889,4.5,quant,high,5,5,4,5,4,3,3,5,5,5,1,5,5,3,5
100,19015,cb15c4f2,22,Female,NA,0,1,0,0,NA,Biomedical science,NA,2020,Year 1,Cognitive,100,60,NA,0,0,0,0,0,0,0,1,0,0,1,0,1,0,On a course/module during my Master's degree,NA,0,0,1,0,0,0,0,0,0,0,NA,"Yes, formal training and events would be interesting to me",Open science practices are encouraged,3,3,2,3,3,2,2,4,4,4,2,2,2,2,1,1,2,2,2,4,4,3,3,4,3,3,4,5,4,NA,NA,NA,NA,2.833333333,1.666666667,3.545454545,3,3.666666667,NA,quant,high,2,4,4,3,3,4,3,3,4,5,4,NA,NA,NA,NA
100,567,d2bbfef2,25,Female,NA,0,1,0,0,NA,Psychological Research Methods,NA,2020,Year 1,Social,81,41,I have heard of it and have a good understanding,1,1,1,1,0,0,0,0,0,0,1,1,1,0,On a course/module during my Master's degree,NA,0,1,0,0,0,0,0,0,0,0,NA,"Yes, formal training and events would be interesting to me",Open science practices are encouraged,4,5,5,5,4,4,3,3,6,6,6,4,2,2,1,1,1,2,5,5,3,4,5,5,4,4,4,4,4,NA,NA,NA,NA,4.583333333,1.5,4.272727273,5,4.111111111,NA,quant,low,5,5,3,4,5,5,4,4,4,4,4,NA,NA,NA,NA
100,3689,7e51c36a,30,Male,NA,1,1,0,0,BA in Fine Art; Painting,"MSc in Psychological Studies (graduated 2018), and MRes in Psychology (graduated 2020)",2014,2020,Year 1,Prefer not to say,50,25,I have heard of it and have a good understanding,0,0,0,0,0,0,0,0,0,0,0,0,0,0,On a course/module during my Master's degree,NA,0,0,1,0,0,1,0,0,0,0,NA,"Yes, formal training and events would be interesting to me",Open science practices are encouraged,5,5,4,5,4,4,1,4,NA,5,5,4,1,1,1,1,1,1,3,3,5,5,3,5,4,5,5,5,5,1,1,1,1,4.181818182,1,3.466666667,3,4.666666667,1,qual,low,3,3,5,5,3,5,4,5,5,5,5,1,1,1,1
100,1755,f5e4cc6b,27,Female,NA,0,1,0,0,NA,MRes Pscyhology,NA,2019,Year 2,Occupational,25,60,I have heard of it and have a good understanding,0,0,0,0,0,1,1,1,0,0,1,0,0,0,Other,Cannot really remember,0,1,0,0,0,1,0,1,1,0,NA,"Yes, but I'm happy to keep on finding out more for myself",Open science practices are encouraged,7,7,NA,7,7,7,7,7,7,7,7,NA,1,1,1,1,1,1,3,3,4,4,5,4,4,5,5,5,4,NA,NA,NA,NA,7,1,4.181818182,3,4.444444444,NA,qual,high,3,3,4,4,5,4,4,5,5,5,4,NA,NA,NA,NA
100,1538,e481c037,25,Female,NA,1,1,0,0,psychology,Research,2019,2020,Year 1,Occupational,70,70,NA,1,1,1,1,1,0,0,0,0,1,1,1,0,0,Taught by a supervisor during my Master's degree,NA,0,1,0,0,0,0,0,1,1,0,NA,"Yes, formal training and events would be interesting to me",Open science practices are encouraged,5,2,5,7,6,7,7,4,7,6,5,4,2,1,1,1,1,1,5,5,5,5,5,5,5,5,5,5,5,NA,NA,NA,NA,5.416666667,1.166666667,5,5,5,NA,quant,high,5,5,5,5,5,5,5,5,5,5,5,NA,NA,NA,NA
100,835,45f7be69,54,Female,NA,1,1,0,0,Psychology,Psychology,2007,2011,Year 3,Forensic,70,80,I have heard of it and have a good understanding,1,0,0,1,0,0,1,1,0,0,1,1,1,0,Via external speakers (e.g. conferences/seminars),NA,0,0,1,0,0,0,1,1,1,0,NA,"Yes, but I'm happy to keep on finding out more for myself",Open science practices are encouraged,4,3,5,5,4,6,6,5,5,5,7,7,1,1,1,3,3,2,5,5,5,5,5,4,5,5,5,5,5,1,1,1,2,5.166666667,1.833333333,3.933333333,5,4.888888889,1.25,quant,high,5,5,5,5,5,4,5,5,5,5,5,1,1,1,2
100,602,c0be12ac,35,Female,NA,0,1,0,0,NA,Psychology,NA,2016,Year 1,Health,50,29,NA,0,0,0,0,0,0,0,0,0,0,0,0,0,0,NA,NA,0,0,0,0,0,0,0,0,0,0,NA,NA,NA,2,1,1,1,2,2,1,1,2,3,1,1,1,1,1,1,1,1,3,5,5,5,3,4,4,3,4,5,1,2,1,3,3,1.5,1,3.4,4,3.777777778,2.25,qual,low,3,5,5,5,3,4,4,3,4,5,1,2,1,3,3
100,535,23faf6b6,28,Female,NA,1,1,0,0,Psychology,Clinical cognitive neuroscience,2014,2016,Other,Other,60,100,NA,1,0,0,0,0,0,0,1,0,0,1,1,1,0,Via peers,NA,0,0,0,0,0,0,1,1,1,0,NA,"Yes, formal training and events would be interesting to me",My supervisor(s) is/are neutral,5,2,4,2,5,7,1,7,5,3,4,4,1,1,1,1,1,1,5,5,5,5,5,5,5,5,5,5,4,1,1,3,3,4.083333333,1,4.133333333,5,4.888888889,2,quant,high,5,5,5,5,5,5,5,5,5,5,4,1,1,3,3
45,181,0039b257,23,Male,NA,1,1,0,0,Psychology,Psychological Research,2019,2020,Year 1,Cognitive,80,80,NA,0,0,0,0,0,0,0,0,0,0,0,0,0,0,NA,NA,0,0,0,0,0,0,0,0,0,0,NA,NA,NA,NA,NA,NA,NA,NA,NA,NA,NA,NA,NA,NA,NA,NA,NA,NA,NA,NA,NA,NA,NA,NA,NA,NA,NA,NA,NA,NA,NA,NA,NA,NA,NA,NA,NA,NA,NA,NA,NA,NA,quant,high,NA,NA,NA,NA,NA,NA,NA,NA,NA,NA,NA,NA,NA,NA,NA
100,926,ee2f3308,23,Female,NA,1,0,0,0,Psychology,NA,2018,NA,Year 3,Other,95,45,I have heard of it and have a good understanding,0,0,0,1,1,0,0,0,0,0,1,1,1,0,On a course/module during my PhD,NA,0,0,0,0,0,1,1,1,1,0,NA,"Yes, but I'm happy to keep on finding out more for myself",Open science practices are encouraged,6,5,5,6,5,4,4,4,5,5,6,6,1,1,1,1,1,1,4,4,5,5,4,4,4,4,3,5,4,2,2,3,3,5.083333333,1,3.733333333,4,4.222222222,2.5,quant,low,4,4,5,5,4,4,4,4,3,5,4,2,2,3,3
75,199,5e42060c,21,Female,NA,1,0,0,0,Psychology and International Relations,NA,2016,NA,Year 1,Social,55,30,NA,0,0,0,0,0,0,0,0,0,0,1,0,1,0,On a course/module during my Master's degree,NA,0,0,0,0,0,0,0,0,0,0,NA,"Yes, formal training and events would be interesting to me",Open science practices are encouraged,3,2,3,3,2,3,NA,2,3,3,3,NA,NA,NA,NA,NA,NA,NA,NA,NA,NA,NA,NA,NA,NA,NA,NA,NA,NA,NA,NA,NA,NA,2.7,NA,NA,NA,NA,NA,quant,low,NA,NA,NA,NA,NA,NA,NA,NA,NA,NA,NA,NA,NA,NA,NA
82,2221,9e948ff1,28,Female,NA,1,0,0,0,Psychology,NA,2016,NA,Year 1,Occupational,44,61,I have heard of it but know almost nothing about it,0,0,0,0,0,1,0,0,0,0,1,1,0,0,Other,Became aware of it as a phrase through journals.,0,0,0,0,0,0,0,1,0,0,NA,"Yes, formal training and events would be interesting to me",My supervisor(s) is/are neutral,7,2,NA,NA,7,7,7,7,5,4,2,1,1,1,1,2,4,3,2,5,5,5,2,3,2,4,4,5,3,2,1,3,3,4.9,2,3.266666667,3.5,3.666666667,2.25,qual,high,2,5,5,5,2,3,2,4,4,5,3,2,1,3,3
82,715,859beefa,27,Female,NA,1,1,0,0,Psychology,Animal Behaviour,2015,2018,Year 2,Other,100,41,I have heard of it but know almost nothing about it,0,0,0,0,0,0,0,1,0,0,1,1,0,0,Via social media,NA,0,0,0,0,0,0,0,0,1,0,NA,"Yes, formal training and events would be interesting to me",My supervisor(s) is/are neutral,NA,NA,NA,NA,5,NA,1,NA,NA,NA,1,NA,2,1,1,4,5,5,5,5,5,4,5,5,5,5,5,5,5,3,2,5,2,2.333333333,3,4.4,5,4.888888889,3,quant,low,5,5,5,4,5,5,5,5,5,5,5,3,2,5,2
82,1587,799df8e0,29,Female,NA,1,0,0,0,Psychology,NA,2015,NA,Year 3,Social,50,70,I have heard of it and have a good understanding,0,0,0,0,0,0,0,0,0,0,1,1,1,0,Other,When working as a research assistant in a Social Psychology lab after my undergrad program,0,0,0,0,0,1,1,1,1,0,NA,"Yes, formal training and events would be interesting to me",My supervisor(s) is/are neutral,6,5,6,5,6,4,1,4,1,5,6,1,1,1,1,2,3,4,4,5,3,5,2,3,5,5,5,5,5,1,1,3,3,4.166666667,2,3.666666667,4.5,4.222222222,2,qual,high,4,5,3,5,2,3,5,5,5,5,5,1,1,3,3
100,10267,eb51000c,27,Female,NA,1,1,0,0,NA,Neuroscience,NA,2019,Year 1,Other,69,51,I have heard of it and have a good understanding,1,1,1,1,0,1,0,1,0,0,1,1,1,0,Via peers,NA,0,0,0,0,0,0,0,0,0,0,NA,"Yes, but I'm happy to keep on finding out more for myself",Open science practices are encouraged,7,6,7,4,4,7,NA,6,7,7,7,4,1,1,1,3,3,2,NA,NA,NA,NA,4,NA,NA,NA,4,5,NA,NA,NA,NA,NA,6,1.833333333,4.333333333,NA,4.333333333,NA,quant,high,NA,NA,NA,NA,4,NA,NA,NA,4,5,NA,NA,NA,NA,NA
75,1018,27e47031,26,Male,NA,1,1,0,0,Psychology,Forensic psychology,2015,2017,Year 4,Forensic,50,70,I have heard of it but know almost nothing about it,0,0,0,0,0,0,0,0,0,0,1,1,1,0,NA,NA,0,1,0,0,0,0,0,0,0,0,NA,"Yes, formal training and events would be interesting to me",NA,4,NA,4,4,4,5,5,5,5,5,NA,NA,NA,NA,NA,NA,NA,NA,NA,NA,NA,NA,NA,NA,NA,NA,NA,NA,NA,NA,NA,NA,NA,4.555555556,NA,NA,NA,NA,NA,qual,high,NA,NA,NA,NA,NA,NA,NA,NA,NA,NA,NA,NA,NA,NA,NA
100,787,9.68E+18,23,Female,NA,1,0,0,0,Psychology,NA,2019,NA,Year 1,Cognitive,100,70,I have heard of it and have a good understanding,1,1,0,1,0,1,1,1,0,0,1,0,1,0,Taught by a supervisor during my PhD degree,NA,0,0,0,0,0,0,0,1,0,0,NA,"Yes, formal training and events would be interesting to me",Open science practices are encouraged,6,6,6,5,6,6,6,5,6,6,6,5,2,2,2,1,1,1,2,4,4,4,3,4,5,5,3,3,5,NA,NA,NA,NA,5.75,1.5,3.818181818,3,4,NA,quant,high,2,4,4,4,3,4,5,5,3,3,5,NA,NA,NA,NA
82,1236,972989f2,40,Female,NA,1,1,0,0,FINANCE,EXPERIMENTAL PSYCH,2002,2017,Year 4,Cognitive,100,75,I have heard of it and have a good understanding,1,1,1,1,0,1,0,1,0,0,1,1,1,0,Taught by a supervisor during my PhD degree,NA,0,0,0,0,0,0,1,1,0,0,NA,"Yes, but I'm happy to keep on finding out more for myself",Open science practices are mandatory,6,6,7,7,7,6,7,5,7,7,7,6,1,1,1,3,3,1,5,5,4,5,3,5,5,5,5,5,5,NA,NA,2,2,6.5,1.666666667,4.307692308,5,4.666666667,2,quant,high,5,5,4,5,3,5,5,5,5,5,5,NA,NA,2,2
4,44,3f50f8b8,NA,NA,NA,0,0,0,0,NA,NA,NA,NA,NA,NA,NA,NA,NA,0,0,0,0,0,0,0,0,0,0,0,0,0,0,NA,NA,0,0,0,0,0,0,0,0,0,0,NA,NA,NA,NA,NA,NA,NA,NA,NA,NA,NA,NA,NA,NA,NA,NA,NA,NA,NA,NA,NA,NA,NA,NA,NA,NA,NA,NA,NA,NA,NA,NA,NA,NA,NA,NA,NA,NA,NA,NA,NA,NA,NA,NA,NA,NA,NA,NA,NA,NA,NA,NA,NA,NA,NA,NA,NA,NA,NA
96,681,79e02da4,NA,Male,NA,0,1,0,0,NA,Physiological Psychology,NA,2019,Year 1,Neuropsychology,30,60,NA,0,0,0,0,0,0,0,0,0,0,0,0,0,0,NA,NA,0,0,0,0,0,0,0,0,0,0,NA,NA,NA,3,2,2,2,4,3,2,4,2,4,2,5,5,2,2,1,4,5,3,2,4,4,2,5,3,5,5,5,5,4,2,5,4,2.916666667,3.166666667,3.866666667,2.5,4.222222222,3.75,qual,high,3,2,4,4,2,5,3,5,5,5,5,4,2,5,4
100,1502,e27f0e5b,27,Female,NA,1,1,0,0,Psychology,Clinical Psychology,2015,2016,Year 4,Health,50,70,NA,0,0,0,0,0,0,0,0,0,0,1,0,1,0,On a course/module during my PhD,NA,0,0,0,0,0,0,0,0,1,0,NA,"Yes, formal training and events would be interesting to me",My supervisor(s) is/are neutral,3,3,6,6,5,3,6,6,3,4,6,5,1,2,2,5,3,4,4,3,2,2,5,3,3,3,4,5,3,2,2,3,4,4.666666667,2.833333333,3.2,3.5,3.333333333,2.75,qual,high,4,3,2,2,5,3,3,3,4,5,3,2,2,3,4
43,245,226b823c,34,Female,NA,0,1,0,0,NA,Social Psychology,NA,2017,Year 3,Other,79,50,I have heard of it but know almost nothing about it,0,0,0,0,0,0,0,0,0,0,0,0,0,0,NA,NA,0,0,0,0,0,0,0,0,0,0,NA,NA,NA,NA,NA,NA,NA,NA,NA,NA,NA,NA,NA,NA,NA,NA,NA,NA,NA,NA,NA,NA,NA,NA,NA,NA,NA,NA,NA,NA,NA,NA,NA,NA,NA,NA,NA,NA,NA,NA,NA,NA,quant,low,NA,NA,NA,NA,NA,NA,NA,NA,NA,NA,NA,NA,NA,NA,NA
33,178,fd26e11b,26,Male,NA,1,1,0,0,Applied Biology,Microbiology,2016,2017,Year 3,NA,NA,NA,NA,0,0,0,0,0,0,0,0,0,0,0,0,0,0,NA,NA,0,0,0,0,0,0,0,0,0,0,NA,NA,NA,NA,NA,NA,NA,NA,NA,NA,NA,NA,NA,NA,NA,NA,NA,NA,NA,NA,NA,NA,NA,NA,NA,NA,NA,NA,NA,NA,NA,NA,NA,NA,NA,NA,NA,NA,NA,NA,NA,NA,NA,NA,NA,NA,NA,NA,NA,NA,NA,NA,NA,NA,NA,NA,NA,NA,NA
4,9,4.79E+14,NA,NA,NA,0,0,0,0,NA,NA,NA,NA,NA,NA,NA,NA,NA,0,0,0,0,0,0,0,0,0,0,0,0,0,0,NA,NA,0,0,0,0,0,0,0,0,0,0,NA,NA,NA,NA,NA,NA,NA,NA,NA,NA,NA,NA,NA,NA,NA,NA,NA,NA,NA,NA,NA,NA,NA,NA,NA,NA,NA,NA,NA,NA,NA,NA,NA,NA,NA,NA,NA,NA,NA,NA,NA,NA,NA,NA,NA,NA,NA,NA,NA,NA,NA,NA,NA,NA,NA,NA,NA,NA,NA
69,464,7149315,25,Female,NA,0,1,0,0,NA,Health Psychology,NA,2020,Year 1,Health,70,50,I have heard of it and have a good understanding,1,1,1,1,0,0,0,0,0,0,1,1,1,0,On a course/module during my Master's degree,NA,0,0,0,0,0,1,1,0,0,0,NA,"Yes, formal training and events would be interesting to me",NA,NA,NA,NA,NA,NA,NA,NA,NA,NA,NA,NA,NA,NA,NA,NA,NA,NA,NA,NA,NA,NA,NA,NA,NA,NA,NA,NA,NA,NA,NA,NA,NA,NA,NA,NA,NA,NA,NA,NA,quant,low,NA,NA,NA,NA,NA,NA,NA,NA,NA,NA,NA,NA,NA,NA,NA
45,254,71f86465,26,Male,NA,0,0,1,0,NA,NA,NA,NA,Year 1,Social,100,60,NA,0,0,0,0,0,0,0,0,0,0,0,0,0,0,NA,NA,0,0,0,0,0,0,0,0,0,0,NA,NA,NA,NA,NA,NA,NA,NA,NA,NA,NA,NA,NA,NA,NA,NA,NA,NA,NA,NA,NA,NA,NA,NA,NA,NA,NA,NA,NA,NA,NA,NA,NA,NA,NA,NA,NA,NA,NA,NA,NA,NA,quant,high,NA,NA,NA,NA,NA,NA,NA,NA,NA,NA,NA,NA,NA,NA,NA
22,129,223e2143,26,Female,NA,0,1,0,0,NA,NA,NA,NA,NA,NA,NA,NA,NA,0,0,0,0,0,0,0,0,0,0,0,0,0,0,NA,NA,0,0,0,0,0,0,0,0,0,0,NA,NA,NA,NA,NA,NA,NA,NA,NA,NA,NA,NA,NA,NA,NA,NA,NA,NA,NA,NA,NA,NA,NA,NA,NA,NA,NA,NA,NA,NA,NA,NA,NA,NA,NA,NA,NA,NA,NA,NA,NA,NA,NA,NA,NA,NA,NA,NA,NA,NA,NA,NA,NA,NA,NA,NA,NA,NA,NA
100,888,300ccc46,25,Female,NA,1,1,0,0,Psychology,Psychology by research,2016,2018,Year 3,Educational,50,70,NA,0,0,0,0,0,0,1,0,0,1,1,1,0,0,Via social media,NA,0,0,0,0,0,0,0,0,1,0,NA,"Yes, formal training and events would be interesting to me",My supervisor(s) is/are neutral,NA,2,2,NA,3,NA,1,3,6,3,3,1,3,1,1,1,1,3,3,5,5,5,1,4,5,1,4,3,5,NA,NA,5,NA,2.666666667,1.666666667,3.833333333,4,3.666666667,5,qual,high,3,5,5,5,1,4,5,1,4,3,5,NA,NA,5,NA
100,2053,0b45f453,32,Female,NA,0,1,0,0,NA,Cognitive Neuroscience,NA,2013,Year 4,Cognitive,40,50,I have heard of it and have a good understanding,0,0,0,1,0,1,1,0,0,0,1,0,1,0,Via external speakers (e.g. conferences/seminars),NA,0,0,0,0,0,0,1,1,1,0,NA,"Yes, formal training and events would be interesting to me",Open science practices are encouraged,6,5,3,4,4,5,2,6,6,4,5,5,3,3,3,3,4,3,4,4,5,4,3,3,3,4,4,5,3,2,1,NA,NA,4.583333333,3.166666667,3.461538462,4,3.777777778,1.5,qual,low,4,4,5,4,3,3,3,4,4,5,3,2,1,NA,NA
100,2024,4afa8f7b,38,Female,NA,1,1,0,0,Psychology,Cognitive Science,2014,2017,Year 2,Cognitive,100,70,I have heard of it but know almost nothing about it,0,0,0,0,0,0,0,1,0,0,1,1,1,0,Taught by a supervisor during my PhD degree,NA,0,0,1,0,0,1,0,0,1,0,NA,"Yes, formal training and events would be interesting to me",Open science practices are encouraged,NA,4,6,6,5,5,NA,6,NA,7,7,NA,2,2,2,4,3,5,2,3,5,5,3,2,4,5,5,5,5,NA,NA,NA,NA,5.75,3,4,2.5,4.333333333,NA,quant,high,2,3,5,5,3,2,4,5,5,5,5,NA,NA,NA,NA
82,9996,c97c98a6,26,Female,NA,0,1,0,0,NA,Psychological Research,NA,2018,Year 1,Other,90,60,I have heard of it and have a good understanding,1,1,1,0,1,0,0,0,0,0,1,1,1,0,Via social media,NA,0,1,1,0,0,0,1,1,1,0,NA,"Yes, formal training and events would be interesting to me",Open science practices are encouraged,5,6,5,5,5,2,5,3,5,5,5,6,1,1,2,2,4,1,5,5,5,5,3,3,4,5,3,5,5,1,1,3,1,4.75,1.833333333,3.6,5,4.222222222,1.5,quant,high,5,5,5,5,3,3,4,5,3,5,5,1,1,3,1
100,504,d35e4524,24,Female,NA,0,1,0,0,NA,Psychological research,NA,2019,Year 2,Cognitive,100,65,I have heard of it and have a good understanding,0,0,0,0,1,0,0,1,1,0,1,0,1,0,Via peers,NA,0,1,1,0,0,1,1,1,1,0,NA,"Yes, but I'm happy to keep on finding out more for myself",Open science practices are encouraged,4,5,5,5,6,6,6,6,5,5,7,7,1,1,1,1,2,1,4,5,4,4,2,4,5,5,5,5,4,1,NA,NA,3,5.583333333,1.166666667,3.923076923,4.5,4.222222222,2,quant,high,4,5,4,4,2,4,5,5,5,5,4,1,NA,NA,3
92,645,58a64611,29,Female,NA,0,0,1,0,NA,NA,NA,NA,Other,Developmental,0,50,NA,0,0,0,0,0,0,0,0,0,0,0,0,0,0,NA,NA,0,0,0,0,0,0,0,0,0,0,NA,NA,NA,NA,NA,NA,NA,NA,NA,NA,NA,NA,1,NA,NA,3,2,4,2,3,2,NA,NA,NA,NA,NA,NA,NA,NA,NA,NA,NA,NA,NA,NA,NA,1,2.666666667,NA,NA,NA,NA,qual,low,NA,NA,NA,NA,NA,NA,NA,NA,NA,NA,NA,NA,NA,NA,NA
82,513,763e9933,33,Female,NA,1,1,1,0,psychology and sociology,forensic psychology,2009,2014,Other,Forensic,80,14,NA,1,0,0,1,0,0,1,1,0,0,1,1,1,0,On a course/module during my PhD,NA,0,0,1,0,0,0,0,0,0,1,I taught it to Bachelors students,"Yes, but I'm happy to keep on finding out more for myself",Open science practices are encouraged,4,4,2,2,4,NA,NA,2,2,3,4,NA,3,3,2,4,2,5,3,NA,NA,5,1,3,3,2,3,5,4,2,4,3,4,3,3.166666667,3.230769231,3,3.25,3.25,quant,low,3,NA,NA,5,1,3,3,2,3,5,4,2,4,3,4
82,1877,5be2145a,32,Male,NA,0,1,0,0,NA,Psychology Conversion,NA,2020,Year 1,Health,72,30,I have heard of it and have a good understanding,1,1,1,1,0,1,1,0,0,0,0,1,1,0,Taught by a supervisor during my Master's degree,NA,0,0,0,0,0,1,0,0,0,0,NA,"Yes, formal training and events would be interesting to me",Open science practices are encouraged,6,6,6,6,6,6,6,5,6,6,6,4,1,1,1,1,1,1,5,5,5,5,5,3,5,5,5,5,5,1,1,1,1,5.75,1,3.8,5,4.777777778,1,quant,low,5,5,5,5,5,3,5,5,5,5,5,1,1,1,1
45,243,745c8efc,30,Male,NA,0,1,0,0,NA,Applied Physics,NA,2019,Year 2,Other,100,60,I have heard of it but know almost nothing about it,0,0,0,0,0,0,0,0,0,0,0,0,0,0,NA,NA,0,0,0,0,0,0,0,0,0,0,NA,NA,NA,NA,NA,NA,NA,NA,NA,NA,NA,NA,NA,NA,NA,NA,NA,NA,NA,NA,NA,NA,NA,NA,NA,NA,NA,NA,NA,NA,NA,NA,NA,NA,NA,NA,NA,NA,NA,NA,NA,NA,quant,high,NA,NA,NA,NA,NA,NA,NA,NA,NA,NA,NA,NA,NA,NA,NA
49,212,121c20aa,26,Female,NA,0,1,0,0,NA,Forensic Psychology,NA,2017,Year 4,Cognitive,100,78,I have heard of it and have a good understanding,0,0,0,0,0,0,0,0,0,0,0,0,0,0,NA,NA,0,0,0,0,0,0,0,0,0,0,NA,NA,NA,NA,NA,NA,NA,NA,NA,NA,NA,NA,NA,NA,NA,NA,NA,NA,NA,NA,NA,NA,NA,NA,NA,NA,NA,NA,NA,NA,NA,NA,NA,NA,NA,NA,NA,NA,NA,NA,NA,NA,quant,high,NA,NA,NA,NA,NA,NA,NA,NA,NA,NA,NA,NA,NA,NA,NA
33,152,765c40e0,25,Female,NA,0,1,0,0,NA,Sport and Exercise Science,NA,2018,Year 3,NA,NA,NA,NA,0,0,0,0,0,0,0,0,0,0,0,0,0,0,NA,NA,0,0,0,0,0,0,0,0,0,0,NA,NA,NA,NA,NA,NA,NA,NA,NA,NA,NA,NA,NA,NA,NA,NA,NA,NA,NA,NA,NA,NA,NA,NA,NA,NA,NA,NA,NA,NA,NA,NA,NA,NA,NA,NA,NA,NA,NA,NA,NA,NA,NA,NA,NA,NA,NA,NA,NA,NA,NA,NA,NA,NA,NA,NA,NA,NA,NA
82,401,106f8f85,29,Female,NA,0,1,0,0,NA,Geography,NA,2018,Year 2,Social,0,10,I have heard of it but know almost nothing about it,0,0,0,0,0,0,1,0,0,0,0,0,0,0,Other,Unsure,0,0,0,0,0,0,0,0,0,0,NA,No,My supervisor(s) is/are neutral,1,2,1,1,2,2,1,1,1,2,1,1,1,1,1,1,1,1,4,4,3,3,3,4,5,5,5,5,5,3,3,3,3,1.333333333,1,3.866666667,4,4.222222222,3,qual,low,4,4,3,3,3,4,5,5,5,5,5,3,3,3,3
73,329,3447917c,30,Female,NA,0,1,0,0,NA,Experimental Psychology,NA,2019,Year 2,Cognitive,0,70,I have heard of it and have a good understanding,1,1,1,0,0,0,1,1,0,1,1,1,1,0,On a course/module during my undergraduate degree,NA,0,0,0,0,0,0,1,0,0,0,NA,No,My supervisors disagree about open science,NA,NA,NA,NA,NA,NA,NA,NA,NA,NA,NA,NA,NA,NA,NA,NA,NA,NA,NA,NA,NA,NA,NA,NA,NA,NA,NA,NA,NA,NA,NA,NA,NA,NA,NA,NA,NA,NA,NA,qual,high,NA,NA,NA,NA,NA,NA,NA,NA,NA,NA,NA,NA,NA,NA,NA
4,228,8cd00cfe,NA,NA,NA,0,0,0,0,NA,NA,NA,NA,NA,NA,NA,NA,NA,0,0,0,0,0,0,0,0,0,0,0,0,0,0,NA,NA,0,0,0,0,0,0,0,0,0,0,NA,NA,NA,NA,NA,NA,NA,NA,NA,NA,NA,NA,NA,NA,NA,NA,NA,NA,NA,NA,NA,NA,NA,NA,NA,NA,NA,NA,NA,NA,NA,NA,NA,NA,NA,NA,NA,NA,NA,NA,NA,NA,NA,NA,NA,NA,NA,NA,NA,NA,NA,NA,NA,NA,NA,NA,NA,NA,NA
65,17820,913e366c,25,Female,NA,1,1,0,0,Psychology,Master of Research in Psychology,2019,2020,Year 1,Cognitive,5,60,I have heard of it and have a good understanding,0,0,0,0,0,0,0,0,0,1,1,0,0,0,Via social media,NA,0,1,0,0,1,1,1,1,0,0,NA,"Yes, formal training and events would be interesting to me",NA,NA,NA,NA,NA,NA,NA,NA,NA,NA,NA,NA,NA,NA,NA,NA,NA,NA,NA,NA,NA,NA,NA,NA,NA,NA,NA,NA,NA,NA,NA,NA,NA,NA,NA,NA,NA,NA,NA,NA,qual,high,NA,NA,NA,NA,NA,NA,NA,NA,NA,NA,NA,NA,NA,NA,NA
4,33,99461311,NA,NA,NA,0,0,0,0,NA,NA,NA,NA,NA,NA,NA,NA,NA,0,0,0,0,0,0,0,0,0,0,0,0,0,0,NA,NA,0,0,0,0,0,0,0,0,0,0,NA,NA,NA,NA,NA,NA,NA,NA,NA,NA,NA,NA,NA,NA,NA,NA,NA,NA,NA,NA,NA,NA,NA,NA,NA,NA,NA,NA,NA,NA,NA,NA,NA,NA,NA,NA,NA,NA,NA,NA,NA,NA,NA,NA,NA,NA,NA,NA,NA,NA,NA,NA,NA,NA,NA,NA,NA,NA,NA
4,38,3795274d,NA,NA,NA,0,0,0,0,NA,NA,NA,NA,NA,NA,NA,NA,NA,0,0,0,0,0,0,0,0,0,0,0,0,0,0,NA,NA,0,0,0,0,0,0,0,0,0,0,NA,NA,NA,NA,NA,NA,NA,NA,NA,NA,NA,NA,NA,NA,NA,NA,NA,NA,NA,NA,NA,NA,NA,NA,NA,NA,NA,NA,NA,NA,NA,NA,NA,NA,NA,NA,NA,NA,NA,NA,NA,NA,NA,NA,NA,NA,NA,NA,NA,NA,NA,NA,NA,NA,NA,NA,NA,NA,NA
33,394,ac5aeabb,28,Female,NA,1,0,1,0,Natural Sciences (Zoology),NA,2014,NA,Other,NA,NA,NA,NA,0,0,0,0,0,0,0,0,0,0,0,0,0,0,NA,NA,0,0,0,0,0,0,0,0,0,0,NA,NA,NA,NA,NA,NA,NA,NA,NA,NA,NA,NA,NA,NA,NA,NA,NA,NA,NA,NA,NA,NA,NA,NA,NA,NA,NA,NA,NA,NA,NA,NA,NA,NA,NA,NA,NA,NA,NA,NA,NA,NA,NA,NA,NA,NA,NA,NA,NA,NA,NA,NA,NA,NA,NA,NA,NA,NA,NA
65,5129,d4bc0e02,24,Male,NA,1,1,0,0,Psychology,"I have two masters degrees, both awarded for original research, and with a concentration in methodology also",2017,2018,Year 1,Cognitive,100,80,I have heard of it and have a good understanding,1,1,1,0,1,1,1,0,0,1,1,1,1,0,On a course/module during my undergraduate degree,NA,0,1,0,0,0,0,1,1,1,0,NA,"Yes, formal training and events would be interesting to me",NA,NA,NA,NA,NA,NA,NA,NA,NA,NA,NA,NA,NA,NA,NA,NA,NA,NA,NA,NA,NA,NA,NA,NA,NA,NA,NA,NA,NA,NA,NA,NA,NA,NA,NA,NA,NA,NA,NA,NA,quant,high,NA,NA,NA,NA,NA,NA,NA,NA,NA,NA,NA,NA,NA,NA,NA
33,180,952919fc,30,Female,NA,0,0,1,0,NA,NA,NA,NA,Other,NA,NA,NA,NA,0,0,0,0,0,0,0,0,0,0,0,0,0,0,NA,NA,0,0,0,0,0,0,0,0,0,0,NA,NA,NA,NA,NA,NA,NA,NA,NA,NA,NA,NA,NA,NA,NA,NA,NA,NA,NA,NA,NA,NA,NA,NA,NA,NA,NA,NA,NA,NA,NA,NA,NA,NA,NA,NA,NA,NA,NA,NA,NA,NA,NA,NA,NA,NA,NA,NA,NA,NA,NA,NA,NA,NA,NA,NA,NA,NA,NA
82,778,eaee3221,44,Female,NA,1,1,0,0,Music,MSc Performance Science,1999,2017,Year 4,Other,50,60,NA,0,1,0,0,0,0,0,1,0,0,1,1,1,0,On a course/module during my Master's degree,NA,0,0,1,0,0,0,0,0,0,0,NA,"Yes, formal training and events would be interesting to me",Open science practices are encouraged,1,3,2,2,5,5,1,6,2,6,3,1,3,2,2,1,3,2,3,4,5,5,2,4,5,3,5,5,3,1,1,3,3,3.083333333,2.166666667,3.466666667,3.5,4.111111111,2,qual,high,3,4,5,5,2,4,5,3,5,5,3,1,1,3,3
96,783,5e18fa92,27,Male,NA,0,1,0,0,NA,Research by Psychology,NA,2020,Year 1,Occupational,100,30,NA,0,0,0,0,0,0,0,0,0,0,0,0,0,0,NA,NA,0,0,0,0,0,0,0,0,0,0,NA,NA,NA,1,1,1,3,4,1,NA,2,1,3,3,4,5,3,1,1,1,1,3,3,4,4,1,1,1,1,1,5,1,1,1,1,1,2.181818182,2,1.933333333,3,2.111111111,1,quant,low,3,3,4,4,1,1,1,1,1,5,1,1,1,1,1
82,427,b12d4712,31,Male,NA,0,1,0,0,NA,Research methods in psychology,NA,2016,Year 2,Health,80,60,I have heard of it but know almost nothing about it,0,0,0,0,0,0,0,0,0,0,0,0,0,0,Other,Google,0,0,0,0,0,0,0,0,0,0,NA,"Yes, formal training and events would be interesting to me",My supervisor(s) is/are neutral,4,2,2,4,4,5,4,2,5,2,4,2,2,1,1,4,4,5,5,5,5,5,3,5,5,5,5,5,5,1,1,1,1,3.333333333,2.833333333,3.8,5,4.777777778,1,quant,high,5,5,5,5,3,5,5,5,5,5,5,1,1,1,1
